date,ndvi,ndwi,ndmi,cloud_pct,valid_fraction,zscore,status
2016-07-19,0.03748207591043846,-0.04130976671113284,0.05216274492314203,0.0,1.0,-0.2121138321688411,NORMAL
2016-08-28,0.1483978831179896,-0.02817395285965417,0.053147673702939324,65.58612030590115,0.3441387969409885,1.1973974520419124,NORMAL
2016-09-17,0.009850803286765396,0.09613978672649069,0.10539352602700687,26.83483620591257,0.7316516379408743,-0.578193060645272,NORMAL
2016-10-27,-0.053281268568777206,0.0667139522786819,0.1273463523457833,89.63588631434767,0.10364113685652322,0.09126058122869904,NORMAL
2016-12-06,0.1210083934426302,-0.04803779641878355,0.06782836623328943,46.19335692272571,0.5380664307727429,0.6773244887150048,NORMAL
2016-12-16,0.27805439620562206,-0.23216166894720947,0.1113472673628965,93.43682228056159,0.0656317771943842,1.7096786796527752,ATENÇÃO
2017-01-15,0.055422460290485476,0.047230473972974606,0.053950890591779786,26.81200776167104,0.7318799223832896,-0.33720003833289397,NORMAL
2017-05-15,-0.13955129604806435,0.20770645901275037,0.17883800691707677,0.0,1.0,-2.2636521239378364,ALERTA
2017-06-24,0.12364489117975373,-0.055101283108913185,0.023823097696138093,51.84339687250314,0.4815660312749686,1.2949334919547695,NORMAL
2017-07-14,0.10043746836321062,-0.09853647587621674,0.02046459696583723,0.0,1.0,0.4318725879374379,NORMAL
2017-07-29,0.12601458972379234,-0.05714233381356899,0.024292034006846073,0.4565688848304994,0.995434311151695,0.693507345182122,NORMAL
2017-09-07,-0.10274435503639068,0.14158006091212383,0.1167763506750132,0.0,1.0,-2.092007565907618,ALERTA
2017-09-12,-0.06674051296508639,0.10045018002548006,0.09121367728943423,0.0,1.0,-1.6079446702697142,ATENÇÃO
2017-11-11,-0.06351339426196749,0.15606860828981303,0.0011493354889674943,0.0,1.0,-1.5728107793078838,ATENÇÃO
2017-11-16,0.0302538848345855,0.06519676316629931,-0.00865077062082579,13.03504166191074,0.8696495833808926,-0.5445807631542914,NORMAL
2017-11-26,-0.19771881641581762,0.2954604577349978,-0.12150460154215041,29.288893961876493,0.7071110603812351,-3.044475998974324,ALERTA
2017-12-16,0.1476386762653779,-0.012048867598739469,0.1134327318063834,44.29859605067915,0.5570140394932085,0.8523807371660493,NORMAL
2018-01-05,0.3613338506246814,-0.27976202387441895,0.1914661927519169,77.83358064147929,0.22166419358520717,13.305930554844494,ALERTA
2018-01-30,0.37299123405998974,-0.3373239719214574,0.17784954525581528,58.64627325647758,0.4135372674352243,13.825830138867527,ALERTA
2018-02-04,0.12048455996406891,-0.033135364246632756,0.11302701562982168,50.42803332952859,0.49571966670471407,0.30899479970721855,NORMAL
2018-02-09,0.4423756038815292,-0.394784510827569,0.15719546676939883,21.97237758246775,0.7802762241753225,5.988968684113345,ALERTA
2018-02-24,0.188741583076443,-0.11345240425319097,0.049669313579534545,86.97637256021002,0.13023627439789978,1.513433742733556,ATENÇÃO
2018-03-01,0.095633209205178,0.007816478066711315,0.10845853777696923,84.1570596963817,0.15842940303618308,-0.5551707563329278,NORMAL
2018-03-11,0.19690985492955665,-0.12425612852390265,0.08749763479817536,70.17463759844766,0.29825362401552336,1.106800850094413,NORMAL
2018-03-16,0.2761877621628094,-0.22751147560502902,0.07374125420047362,38.580070768177144,0.6141992923182286,2.4077684117297102,ALERTA
2018-04-05,-0.09606291893374182,0.22160632142174574,0.1457887950115164,56.12373016778906,0.43876269832210935,-2.954353707401827,ALERTA
2018-04-10,0.07592189560514823,0.04197092430008789,0.06035163369436869,0.0,1.0,-0.7240859182119942,NORMAL
2018-04-20,0.046169748738664536,0.04919526397895912,0.09603886788519164,0.0,1.0,-1.10990634656475,NORMAL
2018-04-25,0.0638331783827904,0.07258617446882672,0.09771224221984896,0.0,1.0,-0.880850204093481,NORMAL
2018-05-15,0.0009515564575785334,0.06575787197074848,0.10720854209682702,2.1230453144618244,0.9787695468553818,-0.8278387698587372,NORMAL
2018-05-20,-0.10061715873936916,0.12955339969528207,0.18377537519476117,0.0,1.0,-1.8657801001287206,ATENÇÃO
2018-05-25,0.1447745326046062,-0.06733204255118981,0.06385610185493293,90.03538408857436,0.09964615911425637,0.6419032751791633,NORMAL
2018-05-30,0.09571182743169233,-0.046543508511910754,0.06336979368570878,0.0,1.0,0.14052635636047792,NORMAL
2018-06-09,-0.009149499962392489,0.05845050742981937,0.22209692580244259,0.0,1.0,-0.15543608658373637,NORMAL
2018-06-14,-0.0684174501056428,0.09998588332744784,0.17990632397261508,19.997717155575845,0.8000228284442416,-0.8027558350367647,NORMAL
2018-06-24,-0.03166634856891244,0.08349181430918928,0.10320342193949801,0.0,1.0,-0.4013632823227195,NORMAL
2018-06-29,0.05420353943923976,-0.052930287904945326,-0.01902386612054241,0.0,1.0,0.536500675698057,NORMAL
2018-07-14,0.07238931348041075,0.023915328924274643,0.13591952459908738,0.0,1.0,0.14496101214016285,NORMAL
2018-07-19,0.10693850519819166,-0.00999036806800806,0.12287879449086056,0.0,1.0,0.49837331607568564,NORMAL
2018-08-28,0.07872810971781351,-0.0017027506138464765,0.061313744381132546,67.99452117338203,0.32005478826617967,0.42916554259296336,NORMAL
2018-09-07,-0.06704067710601744,0.09528506278474044,0.2740257369988756,0.0,1.0,-1.6119803041039586,ATENÇÃO
2018-09-22,0.019171468880189214,0.08710283174938459,0.091080337188174,0.0,1.0,-0.4528789797899599,NORMAL
2018-10-22,-0.053345082111754906,0.03140358557078645,0.19713085466646882,77.42266864513184,0.22577331354868166,0.09079685836332684,NORMAL
2018-10-27,-0.06537823574427962,0.10319056950893599,0.03619146164888925,59.12567058554959,0.40874329414450405,0.0033538451476485725,NORMAL
2018-11-16,0.08889080563426359,0.020772906427675566,0.009902831385148846,24.72320511357151,0.7527679488642849,0.09841797373948671,NORMAL
2018-11-21,0.08630041003057552,0.0247136833904865,0.1908012523398387,44.82365026823422,0.5517634973176578,0.07001230238923112,NORMAL
2018-11-26,0.012751180058541254,0.0762897477191138,-0.041730916574842444,98.91564889852756,0.010843511014724347,-0.7365113234521119,NORMAL
2018-12-06,0.07061283421336366,0.06785370357727673,0.02915062947215069,4.565688848304983,0.9543431115169502,0.34604533573011914,NORMAL
2018-12-11,0.05501559334257772,0.05430159295653509,0.028244771344792086,0.0,1.0,0.2435156520913568,NORMAL
2018-12-16,-0.06744624522619784,0.1519363868023067,-0.1635369443882266,18.548110946239017,0.8145188905376098,-0.5614968286606346,NORMAL
2018-12-21,-0.5101518798504421,0.541619475780234,-0.6363983807250039,0.0,1.0,-3.471656967825944,ALERTA
2018-12-31,0.12097217143817107,0.00506314347146374,0.1107067008397719,73.42769090286497,0.26572309097135033,0.6770863805336461,NORMAL
2019-01-10,-0.29651305402780526,0.3491371669517646,-0.45403791755364725,59.821938134916095,0.40178061865083897,-16.032928716418546,ALERTA
2019-01-15,0.4287296287446517,-0.38437847299560607,0.19855866433000646,94.62390138112087,0.053760986188791236,16.31166826639246,ALERTA
2019-01-25,0.12612103494672114,-0.057265173401568344,0.10089920862950118,84.99029791119736,0.15009702088802648,2.815836812412652,ALERTA
2019-01-30,-0.10319938937707034,0.2088749011129248,-0.030045842551037077,0.0,1.0,-7.41146624196011,ALERTA
2019-02-09,-0.0029658788981358803,0.13296261011332064,0.058802508895852666,0.0,1.0,-1.869367357320051,ATENÇÃO
2019-02-19,-0.07858131651676054,0.14484115853416774,0.12017051886839236,58.55495947951147,0.4144504052048853,-3.203650242934787,ALERTA
2019-02-24,-0.03949594994775427,0.11407172465405546,0.15149312821844999,24.711790891450747,0.7528820910854925,-2.513963886108648,ALERTA
2019-03-06,0.2145104326449902,-0.15843386649172778,0.014403742463983479,85.89202145873759,0.14107978541262414,1.3956301276691845,NORMAL
2019-03-31,0.21544498759219435,-0.20563578067629384,-0.04350718758264354,66.14541718981852,0.3385458281018149,1.4109663759798414,NORMAL
2019-04-10,0.03655038334386518,0.019637945919384947,0.05651559638840811,97.07795913708482,0.029220408629151925,-1.2346485271461471,NORMAL
2019-04-15,-0.097513904224202,0.17404895989689226,0.16329717592368595,0.0,1.0,-2.9731698206998405,ALERTA
2019-04-20,0.18237782453179813,-0.0698435235596997,0.09010089566069833,96.96381691587719,0.03036183084122817,0.6564152027151775,NORMAL
2019-04-30,0.04819044768030521,0.05467597452487484,0.19305880172899675,68.54240383517863,0.31457596164821366,-1.0837022902748144,NORMAL
2019-05-05,-0.032871835690357454,0.17284328172639735,0.10558592095301145,0.0,1.0,-1.173483554005096,NORMAL
2019-05-25,0.05151957204096507,-0.008099988397827784,0.1250327902786532,83.11836548339231,0.16881634516607694,-0.31107892641719315,NORMAL
2019-06-04,-0.3226153948510254,0.30124706583788297,0.4332281863057983,0.0,1.0,-3.579085187615145,ALERTA
2019-06-09,0.027072548506399022,-0.0016028636144614847,0.009148775503111935,0.0,1.0,0.24017819139617777,NORMAL
2019-06-19,0.28810620273508275,-0.23775963155365074,0.05006287319287647,49.503481337746834,0.5049651866225316,3.0911666089925567,ALERTA
2019-06-29,0.03789206623730523,0.06649316349887982,0.1357317218638336,22.200662024883002,0.77799337975117,0.35834808725094264,NORMAL
2019-07-04,0.11668030300573212,-0.11288132695366415,0.006856202162878461,33.637712589887,0.66362287410113,0.5980245969438575,NORMAL
2019-07-14,-0.1580968154001401,0.24505475737386864,-0.06337759051285839,0.0,1.0,-2.2127391186832526,ALERTA
2019-07-24,0.05454204726968345,0.040737380905852535,0.05573763821662779,35.224289464672985,0.6477571053532701,-0.03760312776814028,NORMAL
2019-07-29,0.17873932955893393,-0.12398247260989494,0.003121557422037742,31.663052162995086,0.6833694783700491,1.2328418665726346,NORMAL
2019-08-03,-0.08552138242539598,0.19441626156475342,0.08824238977394108,0.0,1.0,-1.3819742791260357,NORMAL
2019-08-08,0.08928314216023003,0.04662963520106632,0.06316954337482733,42.403835178632576,0.5759616482136742,0.5455533580227284,NORMAL
2019-08-13,-0.04881470544157832,0.17432851769914698,0.11530219506029707,0.0,1.0,-0.977218541127141,NORMAL
2019-08-18,0.1665802654374234,-0.07456869562213796,0.1441435890443665,44.33283871704143,0.5566716128295857,1.3978902282614794,NORMAL
2019-08-28,0.018313968634277925,0.11176189206097457,0.08661411252610703,82.30795571281817,0.1769204428718183,-0.23700672548284227,NORMAL
2019-09-12,0.11674393979441325,0.0012215862967012818,0.253257815596257,81.79431571738385,0.18205684282616139,0.8589591488115581,NORMAL
2019-09-17,-0.0799103125310963,0.1836743602532184,0.10512036012848258,0.0,1.0,-1.7850094207557343,ATENÇÃO
2019-09-22,-0.03603405678540508,0.02400952603999344,0.3622433832863213,70.79100559296883,0.29208994407031164,-1.1951038389029502,NORMAL
2019-09-27,-0.27219615831762245,0.2659325605700398,0.30732076882401543,0.0,1.0,-4.370245827394526,ALERTA
2019-10-02,0.05839999068581863,-0.015912791980998712,0.09872394327844072,19.34710649469239,0.8065289350530761,0.9028305259975531,NORMAL
2019-10-12,-0.17684959865567865,0.21366130559571506,-0.006030040573269119,0.0,1.0,-0.8066908162854661,NORMAL
2019-10-22,-0.060303312136566485,0.10517697284204564,0.10241292652454621,83.38089259216984,0.16619107407830155,0.04023250768698067,NORMAL
2019-11-16,-0.11218623073912608,0.18668446514484202,-0.0033692276944133565,80.43602328501312,0.19563976714986875,-2.1065457017600564,ALERTA
2019-11-21,0.2521789730140793,-0.20311882087388583,0.04815520138458026,96.21047825590686,0.0378952174409314,1.8889977644760039,ATENÇÃO
2019-12-01,0.12448335328992229,-0.043070843372521705,-0.016901472783030322,86.17737701175665,0.13822622988243352,0.7001674092515207,NORMAL
2019-12-06,0.1090834267310424,0.020138763131211126,0.1713984383038465,75.72194954913823,0.24278050450861774,0.5989347866855933,NORMAL
2019-12-11,0.14444932335586236,-0.05194720492649798,0.05480671810496063,48.3848875699121,0.516151124300879,0.8314152761890709,NORMAL
2019-12-26,-0.20795105612918766,0.2966125538909554,-0.13976017662426524,0.0,1.0,-1.4851162002502816,NORMAL
2019-12-31,0.2407008256979067,-0.16453047302363194,0.10721868486095122,72.61728113229083,0.27382718867709166,1.4641320603075765,NORMAL
2020-01-05,0.20012380958152962,-0.11237846644699283,0.12203991976077025,30.738500171213335,0.6926149982878667,6.116235393508922,ALERTA
2020-01-10,0.2638646696508287,-0.19833907783643104,0.1390290344610028,64.71863942472321,0.35281360575276793,8.958969941891914,ALERTA
2020-01-15,0.1803081901029904,-0.11126070227878897,0.042533192607624636,35.48681657345052,0.6451318342654948,5.232492280723625,ALERTA
2020-01-25,0.08441038025464118,-0.024992041874972063,0.13159929597752237,72.46889624472092,0.2753110375527908,0.9556121621657463,NORMAL
2020-02-09,0.27334234866911705,-0.20085793665803095,0.11651200015607178,71.16767492295399,0.28832325077046,3.0062685023436155,ALERTA
2020-02-14,0.0175901503859478,0.09710456630561433,0.11978926757944053,0.0,1.0,-1.5066430389304348,ATENÇÃO
2020-02-19,-0.043941537033289325,0.15863458355867752,-0.0731277081906675,0.0,1.0,-2.5924091209911913,ALERTA
2020-02-29,-0.08369594094574624,0.11307262198748327,0.3523029156067951,54.776851957539094,0.4522314804246091,-3.2939010707665606,ALERTA
2020-03-05,0.09339350395542202,-0.010182426560841873,0.18773170325042945,70.1061522657231,0.29893847734276907,-0.5919248026901787,NORMAL
2020-03-10,-0.025687402786600276,0.14078997733954698,0.12146147076436371,0.0,1.0,-2.5460681736255353,ALERTA
2020-03-15,0.03239275186545386,0.08229438454956807,0.12741002546427635,0.0,1.0,-1.5929603051904007,ATENÇÃO
2020-03-20,0.12698475916354995,-0.04101440172509543,0.17598003183748828,74.64901266978656,0.2535098733021345,-0.04068505752625804,NORMAL
2020-03-25,0.08559188548180412,0.018885908374435077,0.13540221307787978,53.03047597306243,0.46969524026937565,-0.7199510450147787,NORMAL
2020-04-04,0.0883386238162827,0.052224254030513166,0.18755097143328758,0.0,1.0,-0.5630680454965172,NORMAL
2020-04-09,0.10088714129352987,0.082555385053953,0.20381062718287662,21.59570825248259,0.7840429174751741,-0.40034115355187083,NORMAL
2020-04-24,0.20499979264757134,-0.016633811875849787,0.11622189699063445,23.924209565118137,0.7607579043488186,0.9497727700792411,NORMAL
2020-04-29,0.1382934258571189,0.11051202612935924,0.22480291657223728,0.0,1.0,0.0847367400930753,NORMAL
2020-05-04,0.1897903694821787,-0.037405752845543525,0.1050268737166238,13.26332610432599,0.8673667389567401,1.101924823362814,NORMAL
2020-05-14,-0.1192691628964081,0.2434123992576093,-0.4619526423837941,79.16904462960849,0.20830955370391507,-2.0563868826347185,ALERTA
2020-05-19,-0.015597278304305896,0.09817651168853543,0.016559816809441137,0.0,1.0,-0.9969530442084895,NORMAL
2020-05-24,0.12104904533856932,-0.10080250244166511,-0.04308515521252582,98.83574934368224,0.01164250656317772,0.39945003781701616,NORMAL
2020-05-29,-0.1312774742663988,0.20214752670382752,0.17296029996747392,0.0,1.0,-2.179101073254301,ALERTA
2020-06-08,-0.22379430005793005,0.27867457619251546,0.24239011560425464,0.0,1.0,-2.499769198641222,ALERTA
2020-06-23,-0.20550036265878527,0.24808459328355795,0.24271303172836345,0.0,1.0,-2.299964296888964,ALERTA
2020-07-03,-0.03436750858075636,0.09353005187447595,0.03783446707397868,50.07419244378495,0.49925807556215046,-0.9470811622084258,NORMAL
2020-07-13,-0.13772815596125956,0.25021519099848366,0.19218208182617735,0.0,1.0,-2.004383018222933,ALERTA
2020-07-18,-0.11505048236591017,0.22730555971105867,0.21741253803299904,0.0,1.0,-1.7724074357346902,ATENÇÃO
2020-07-23,-0.107381788288171,0.21199723733040363,0.18635710285324736,0.0,1.0,-1.693962450267905,ATENÇÃO
2020-07-28,-0.006716828483426664,0.12656916644304217,0.15023771884563838,0.0,1.0,-0.6642354551827492,NORMAL
2020-08-02,-0.1347369481234739,0.2576661327878692,0.19026049395702344,0.0,1.0,-1.9246625378300468,ATENÇÃO
2020-08-12,0.2191930262328364,-0.08703066596440918,0.22455735628912274,84.92181257847278,0.15078187421527223,1.9780385438743269,ATENÇÃO
2020-08-22,-0.2770190234608511,0.29182928793425505,0.3593331890444214,0.0,1.0,-3.493572914342284,ALERTA
2020-08-27,-0.1379241984348665,0.22011364805794761,0.21228488502444756,31.38911083209679,0.6861088916790321,-1.9598075838537892,ATENÇÃO
2020-09-06,-0.16731268804618823,0.2744072632692813,-0.13943066335241,0.0,1.0,-2.9601130914605682,ALERTA
2020-09-11,-0.00788870978958783,0.12483380902867569,0.05426455768837274,1.8719324278050453,0.9812806757219495,-0.8166964973046063,NORMAL
2020-09-16,0.060133434024988115,0.017749540323515257,-0.05846692501469997,66.35087318799225,0.3364912681200776,0.09784467408401501,NORMAL
2020-09-26,-0.05531932863519739,0.17844633818591824,-0.0021196214226582165,0.0,1.0,-1.4543896261332803,NORMAL
2020-10-01,-0.4192072355887712,0.4741815522100462,-0.5139813872276755,0.0,1.0,-2.5678652096696974,ALERTA
2020-10-06,-0.40958591835424163,0.46815109248624354,-0.45677989690398474,0.0,1.0,-2.4979486278837566,ALERTA
2020-10-11,0.06141430219540672,0.05448599752776433,0.02963614493101542,31.674466385115853,0.6832553361488415,0.9247350482216061,NORMAL
2020-10-21,-0.06968333284734568,0.19319259998955632,-0.1375744423777813,0.0,1.0,-0.027930610646272825,NORMAL
2020-11-05,0.08462570146958628,0.012535690691586452,0.004499983568126953,5.159228398584636,0.9484077160141536,0.05164784063551658,NORMAL
2020-11-25,0.01492458961162524,0.08837483169971035,-0.06011785143067201,0.0,1.0,-0.7126782234474209,NORMAL
2020-12-10,-0.1213097507248777,0.1670708096669528,0.15552543213925918,52.84784841913024,0.4715215158086976,-0.9155727978789069,NORMAL
2020-12-30,-0.18410458369515423,0.26017651199389186,0.08535563871097895,0.0,1.0,-1.3283595472744716,NORMAL
2021-01-04,-0.06161210410291859,0.14461085967514942,0.049313754288143274,7.704599931514666,0.9229540006848533,-5.556743659086898,ALERTA
2021-01-09,0.09994668213801437,-0.03311332052789949,-0.04092627564391105,72.0237415820112,0.27976258417988814,1.6485049482052803,ATENÇÃO
2021-02-03,0.14689292692199457,-0.06849040514993915,0.048576104075595504,80.75562150439448,0.19244378495605524,0.7749873691969564,NORMAL
2021-02-08,0.13721448767649805,-0.05338967387910705,0.0848210858146095,89.45325876041548,0.10546741239584523,0.6042051023553605,NORMAL
2021-02-18,-0.14525700392276047,0.25995317377324906,-0.04788735582785515,0.0,1.0,-4.380185503381539,ALERTA
2021-02-23,0.06349680236238692,0.06294217236816481,0.04905776848766518,0.0,1.0,-0.6965907269016585,NORMAL
2021-03-10,-0.000631728512670712,0.059674684358819244,0.10543958029565892,75.29962333067002,0.24700376669329985,-2.134899153114233,ALERTA
2021-03-15,0.08390124938307376,0.023344504449850156,0.0657157932792893,27.54251797739984,0.7245748202260016,-0.7476947481439057,NORMAL
2021-03-20,-0.07591925815237686,0.22165139613635337,-0.12275953835963258,0.0,1.0,-3.370383757529099,ALERTA
2021-03-25,0.14958410503548433,-0.06850903164932831,0.0936061838351661,85.11585435452574,0.14884145645474262,0.3301750839638427,NORMAL
2021-04-09,-0.0069933122750269975,0.07748763708041423,0.09971056455141715,0.0,1.0,-1.7993152509000736,ATENÇÃO
2021-04-19,0.2019255025621557,-0.1266335105561367,0.050048787975304855,65.78016208195412,0.34219837918045887,0.9099059354955531,NORMAL
2021-04-29,0.0944404253098728,-0.007783877840904751,-0.0029374751455333433,43.35121561465586,0.5664878438534414,-0.4839409937060979,NORMAL
2021-05-14,0.2980883357647278,-0.27189991056386936,0.18962368133195148,93.60803561237302,0.06391964387626983,2.2086330747262304,ALERTA
2021-05-19,-0.0793776960185243,0.19691988888249046,0.11915776768942746,0.2625271087775327,0.9973747289122247,-1.6487318077687525,ATENÇÃO
2021-05-24,-0.14746198415151685,0.21641241833560412,0.17417644985438763,0.0,1.0,-2.344492273559963,ALERTA
2021-05-29,0.11977586954246887,-0.041544186405124195,0.06780288104657871,88.46022143590915,0.11539778564090858,0.3864393211124717,NORMAL
2021-06-13,-0.044087323130942095,0.14830254665961698,0.1022924082369924,0.0,1.0,-0.5370241599066589,NORMAL
2021-07-13,-0.11040112365421943,0.21602877663258363,0.07740934936218782,0.0,1.0,-1.7248479852114043,ATENÇÃO
2021-07-18,-0.1749085147955463,0.26272765767988,0.16081817771011683,0.15979910969067257,0.9984020089030933,-2.384710187208834,ALERTA
2021-07-23,0.05371948127664335,-0.06505505071201931,0.027625489580227276,1.3126355438876858,0.9868736445611231,-0.04601736058475643,NORMAL
2021-07-28,-0.13980857987191694,0.22531299019285153,0.1002129881616234,0.0,1.0,-2.0256641935810697,ALERTA
2021-08-17,-0.1313246468144204,0.2467923227095089,0.014373305126818258,0.0,1.0,-1.8870359083416455,ATENÇÃO
2021-08-22,-0.24603078017667535,0.3266985289068809,-0.1807006176962159,0.0,1.0,-3.151872975519019,ALERTA
2021-09-01,0.09493627095026583,-0.07698101440132163,0.05352900295990686,91.05124985732222,0.08948750142677776,0.565760347780708,NORMAL
2021-09-06,0.09181208385318441,0.0023792492543105778,0.04857324132234445,92.29540006848534,0.07704599931514668,0.523756412485893,NORMAL
2021-09-26,-0.1319825519770601,0.21794621880272555,0.07551640627083929,14.324848761556897,0.856751512384431,-2.4851080090853763,ALERTA
2021-10-21,-1.5104266299879605e-06,0.03418792376205566,0.04751085681050632,86.58828900810408,0.13411710991895903,0.4784361079135033,NORMAL
2021-10-26,-0.16475339684925158,0.2552767915874918,0.12118916433786328,0.0,1.0,-0.7187896420197314,NORMAL
2021-11-15,0.009807506769931371,0.058094264418654507,-0.019374406349687904,0.0,1.0,-0.7687909551345193,NORMAL
2021-11-25,0.06466403760324606,0.03589458184117729,0.0990053221505057,9.85047369021801,0.9014952630978199,-0.16724708899771545,NORMAL
2021-11-30,-0.02286447777320925,0.12945178084723058,-0.04990132762878883,0.0,1.0,-1.1270642837225342,NORMAL
2021-12-10,-0.13637358100387975,0.23108822898711487,-0.21039096578054406,10.729368793516725,0.8927063120648328,-1.0145960652432624,NORMAL
2021-12-15,0.023618103780212223,0.06807097359772094,0.11749003509678665,98.9955484533729,0.010044515466270974,0.03712179701470161,NORMAL
2021-12-20,0.03738606313349147,0.05934686729702841,-0.01692057907683074,18.43396872503139,0.8156603127496861,0.12762655542277823,NORMAL
2021-12-25,-0.0609340259834344,0.165326573102097,-0.08318081312607027,0.0,1.0,-0.5186882457658607,NORMAL
2022-01-19,-0.021505137609530333,0.15919717919603282,0.0853587397221572,0.0,1.0,-3.7680407900380906,ALERTA
2022-01-24,0.24554334230307942,-0.15559469174949833,0.05958373739613264,86.65677434082866,0.1334322565917133,8.141869730707805,ALERTA
2022-02-03,0.16574564174142536,-0.0832864328183418,0.1786633782814484,88.97386143134345,0.11026138568656546,1.1076556115975795,NORMAL
2022-02-13,0.0224353226780239,0.09876886841863847,0.13413510419758165,0.0,1.0,-1.4211468668421636,NORMAL
2022-02-18,0.007585495084822808,0.06986106363777504,0.0926942380692193,28.935053076132867,0.7106494692386713,-1.683181597261516,ATENÇÃO
2022-02-23,0.07118853704596764,0.029551736597319786,0.07273025635399252,37.11905033671955,0.6288094966328045,-0.5608651360407891,NORMAL
2022-03-05,-0.02497519830762776,0.14529952252125608,0.15289867984809988,10.6152265723091,0.893847734276909,-2.534380744469913,ALERTA
2022-03-15,0.10257522184808512,0.0163438406678986,0.17681036242720127,68.50816116881634,0.31491838831183655,-0.4412508311473126,NORMAL
2022-04-09,0.1329397703317385,-0.04243193209664947,0.058420775510698957,97.91119735190047,0.02088802648099532,0.015311509123197396,NORMAL
2022-04-14,0.14024761420901571,-0.06572433719775897,0.0876526997757032,94.56683027051707,0.05433169729482936,0.11007829915415097,NORMAL
2022-04-24,0.029078796347496137,-0.022415679275465023,0.09614257967506334,90.06962675493665,0.0993037324506335,-1.3315387081589798,NORMAL
2022-05-19,-0.03014733407345851,0.10984787214272432,0.13322337581319224,17.25830384659286,0.8274169615340714,-1.1456415868493297,NORMAL
2022-05-24,0.04577331374445453,0.11288064212985863,0.10886605005639481,0.0,1.0,-0.36980054132381074,NORMAL
2022-06-13,-0.2667889391893322,0.3214885155379774,0.31594207943767005,0.0,1.0,-2.9693531629946364,ALERTA
2022-06-18,-0.16632921492669248,0.2729385098574599,0.2625474982206569,5.364684396758356,0.9463531560324164,-1.8721401957471366,ATENÇÃO
2022-07-03,0.10900307979742543,0.060795560569521984,0.14620138006670838,0.0,1.0,0.519492364872027,NORMAL
2022-07-23,0.0946679559101682,0.07504049137399396,0.13737948165636904,0.0,1.0,0.37285480525614234,NORMAL
2022-07-28,0.25015742111511924,-0.13973097223151615,0.0723987876382211,86.54263211962106,0.1345736788037895,1.9633953476996517,ATENÇÃO
2022-08-02,0.01688208208841037,0.1485583449877799,0.12528470043627263,0.0,1.0,-0.2527957955710667,NORMAL
2022-08-27,-0.13659813098274337,0.27280731876013414,0.07353553188966958,0.0,1.0,-1.9451853555748024,ATENÇÃO
2022-09-01,0.07611793491224451,0.10110694792654722,0.11344564243992956,0.0,1.0,0.3127523989176072,NORMAL
2022-10-11,-0.00043290707217402626,0.09780656738163016,0.07814014849265638,94.95491382262298,0.05045086177377012,0.47530121711683426,NORMAL
2022-10-16,0.003278582261596655,0.0017517826982814148,-0.07201900521502452,18.89053760986189,0.8110946239013811,0.5022720196823014,NORMAL
2022-10-26,-0.18024079095628984,0.23547836031978653,0.13153744381895902,0.0,1.0,-0.8313340712637567,NORMAL
2022-11-05,-0.17328295202809185,0.25073258270667587,0.13962664839349107,68.21139139367652,0.31788608606323476,-2.7765180345734786,ALERTA
2022-11-10,-0.17120123082800187,0.30408747544720155,-0.14887759622658348,0.0,1.0,-2.753690367568321,ALERTA
2022-11-15,-0.046923880910765714,0.1654781581360347,0.031490936403622834,0.0,1.0,-1.3908940622458283,NORMAL
2022-11-20,0.02161984121777278,0.07326615179239011,0.03438641175661516,51.055815546170535,0.4894418445382947,-0.6392596627994931,NORMAL
2022-11-25,-0.025141016854733206,0.13222299827604492,0.08639428418400255,82.3307841570597,0.17669215842940303,-1.1520282779764284,NORMAL
2022-12-05,0.12283980264863095,0.015601706036981472,0.20119057307581725,93.41399383632006,0.06586006163679946,0.6893634004725375,NORMAL
2022-12-10,0.17649105864334097,-0.05116185505291278,0.10566060572626386,42.38100673439105,0.5761899326560895,1.0420441309639865,NORMAL
2022-12-15,0.10361113055788027,0.10973341133887271,0.22379637097752442,13.82262298824335,0.8617737701175665,0.5629622194821959,NORMAL
2022-12-30,-0.12337018960440789,0.024172998289442135,0.559054429561507,0.0,1.0,-0.9291172541212238,NORMAL
2023-01-09,0.051925284862018826,-0.001948241918945334,0.13841298813852973,28.592626412509993,0.7140737358749001,-0.49316814735197195,NORMAL
2023-01-14,-0.0054687900795859995,0.1120697344503778,0.12220824769260202,71.19050336719552,0.28809496632804477,-3.052846813934117,ALERTA
2023-01-24,-0.07509187059131764,0.17911742408976136,0.11213959912374206,0.0,1.0,-6.157918444915743,ALERTA
2023-01-29,0.22104794070360156,-0.1623229108188814,0.04469768415324266,95.03481337746832,0.04965186622531675,7.0494162506693225,ALERTA
2023-02-08,-0.1603852035442015,0.2713985225108819,0.09948316780690201,21.367423810067343,0.7863257618993266,-4.6471322867468485,ALERTA
2023-02-13,0.14999495861960233,-0.0833465121877303,0.07625503351956751,97.21492980253396,0.027850701974660427,0.8297247076969057,NORMAL
2023-03-05,0.09800711196591558,-0.032845744481916225,0.13317133618501334,87.45576988928204,0.12544230110717955,-0.5162144998678142,NORMAL
2023-03-15,-0.24170839404702635,0.25714959972425294,0.12513647795042274,33.40942814747175,0.6659057185252825,-6.09101924599992,ALERTA
2023-03-20,-0.0611577861651187,0.17823298105970278,0.09346732834799137,0.0,1.0,-3.128144817481046,ALERTA
2023-03-25,0.2797895468004748,-0.19121871630274626,0.08363238563775947,94.62390138112087,0.053760986188791236,2.466874474706529,ALERTA
2023-03-30,0.15937243110644375,-0.035659112409073344,0.08247475372976866,0.0,1.0,0.49080362658619314,NORMAL
2023-04-04,0.18666008728059613,-0.14673013323983947,0.05442725663621478,65.75733363771259,0.3424266636228741,0.7119468070553507,NORMAL
2023-04-09,0.11667670504841823,-0.03978792606109168,0.09530397056604423,81.22360461134573,0.18776395388654263,-0.1955849630573675,NORMAL
2023-04-19,-0.17568665381733492,0.1467037448743501,0.35348561183424043,20.739641593425407,0.7926035840657459,-3.986899817021946,ALERTA
2023-04-24,0.07455667611793619,-0.02159898125041686,0.053599909327281,97.30624357950006,0.026937564204999428,-0.7417898361751395,NORMAL
2023-05-14,0.14988495645285804,-0.07915020691759704,0.08905002219637854,0.0,1.0,0.6941272313157805,NORMAL
2023-05-24,0.10149265767507532,0.09346421797650442,0.03588960584120299,0.0,1.0,0.19960126561031155,NORMAL
2023-06-03,0.20498059846808478,-0.13501623187019599,0.06138647116859419,91.6676178518434,0.08332382148156603,2.183275495598836,ALERTA
2023-06-08,0.07069758375747148,0.05054916726882695,0.15264367807140267,0.0,1.0,0.7166472910820006,NORMAL
2023-06-18,-0.2543901006266728,0.28080158282554557,0.3590693684519409,0.0,1.0,-2.833934053001941,ALERTA
2023-06-28,-0.04514554841498373,0.1868591572628514,0.18787209955047007,0.0,1.0,-0.5485820107015117,NORMAL
2023-07-08,0.22925803378481294,-0.20941937415341638,0.14366799691953783,33.44367081383404,0.6655632918616596,1.7496102991932019,ATENÇÃO
2023-07-23,0.06919152536018854,-0.06178517927015351,0.013446947298795739,26.344024654719778,0.7365597534528022,0.11225003944080021,NORMAL
2023-08-02,-0.018567848256610425,0.17249360041265907,0.10938215479988603,0.0,1.0,-0.6436936893012439,NORMAL
2023-08-07,0.12007550446021797,0.05768429888217828,0.09830871509466817,0.0,1.0,0.8850933641353904,NORMAL
2023-08-17,0.016265390012536875,0.033476519827373354,0.03149904335605036,25.43088688505878,0.7456911311494122,-0.2595959114300503,NORMAL
2023-08-22,-0.1185030157429428,0.22149825339039936,0.17082396323893523,0.0,1.0,-1.7456548525469908,ATENÇÃO
2023-08-27,0.1594263164401306,-0.08228295384327534,0.028498791308559705,94.09884716356581,0.05901152836434197,1.3190053456205844,NORMAL
2023-09-01,-0.024940308606943677,0.1497556843098917,0.1019521068680151,0.0,1.0,-1.0459510941456402,NORMAL
2023-09-11,0.03472466117773985,0.11529043020366748,0.14165816863661998,0.0,1.0,-0.24377009399229585,NORMAL
2023-09-16,-0.05069424129120859,0.1616572966530219,0.07748030262141686,0.0,1.0,-1.392206452241019,NORMAL
2023-09-21,-0.05705310501832572,0.16341491878794806,0.0702249891840791,0.0,1.0,-1.4776998277152005,NORMAL
2023-09-26,-0.0656998944964128,0.16326671806365256,0.062332106880002625,81.77148727314234,0.18228512726857665,-1.5939538081777516,ATENÇÃO
2023-10-11,-0.334519936710056,0.2844341796426973,0.33067403552128566,0.0,1.0,-1.9524560807580889,ATENÇÃO
2023-10-16,-0.014725545397177658,0.02517008063936952,0.07090439135645141,87.93516721835407,0.1206483278164593,0.37143888807932324,NORMAL
2023-11-05,-0.2531499064760147,0.1550126735442539,0.531590647979293,2.2714302020317323,0.9772856979796827,-3.652320346993834,ALERTA
2023-11-10,-0.007069334536534494,0.03704254823534694,0.023800915827797534,84.19130236274398,0.15808697637256022,-0.9538584432430333,NORMAL
2023-11-30,-0.04389115738591167,0.11139654268449971,0.08690835894175233,43.11151695011986,0.5688848304988015,-1.357637926534147,NORMAL
2023-12-15,-0.4204300292426216,0.4996668521183348,-0.5126130890891,0.0,1.0,-2.8818633604492447,ALERTA
2023-12-20,0.13041171058314383,-0.07554314738275512,-0.025111180164637786,94.09884716356581,0.05901152836434197,0.7391379299229068,NORMAL
2024-01-09,-0.0719582379433303,0.1941787007837184,-0.006149720821937909,0.0,1.0,-6.018163729013109,ALERTA
2024-01-29,0.08282433289861904,-0.034130964814501216,0.034750988449194824,65.1752083095537,0.34824791690446294,0.884877132713151,NORMAL
2024-02-03,0.29818225566824963,-0.21711290525885069,0.1447341383098182,59.74203858007077,0.40257961419929233,3.4445845900764835,ALERTA
2024-02-08,-0.01690934046748336,0.10831405294616728,0.0005090444819624459,90.30932541947266,0.09690674580527336,-2.115408678036083,ALERTA
2024-02-23,0.08663664659785926,0.05047668300668391,0.18747645277746205,69.6153407145303,0.30384659285469695,-0.2882733368085965,NORMAL
2024-02-28,0.3177394280533329,-0.231189577414182,0.06592832086162595,95.97077959137084,0.04029220408629152,3.7896834379605084,ALERTA
2024-03-04,0.36844709414317345,-0.245814851392431,0.1147148155740085,90.67458052733706,0.09325419472662938,3.9217639541631404,ALERTA
2024-03-09,0.1739795742013044,-0.08471197539725737,0.15168764828617914,93.53955027964844,0.06460449720351558,0.7305099962140713,NORMAL
2024-03-14,-0.011049606132036895,0.17713268069599408,0.17045174078609623,0.0,1.0,-2.3058587724695343,ALERTA
2024-03-29,0.06509937338176297,0.061126693062888815,0.028651557860944716,0.0,1.0,-1.0562375897659235,NORMAL
2024-04-03,0.05001841357064985,0.0739279673327124,0.027349274417408333,55.94110261385686,0.44058897386143137,-1.0599975611340247,NORMAL
2024-04-18,-0.021176916502485526,0.13191383756169314,0.10593511726742388,0.0,1.0,-1.9832456503828977,ATENÇÃO
2024-04-23,0.1223689985948554,-0.047797936345286784,0.011813117307956601,39.96119164478941,0.6003880835521059,-0.12176833583205379,NORMAL
2024-05-23,-0.1545116628550943,0.2481718266140177,0.23469893394808167,0.0,1.0,-2.4165336780158406,ALERTA
2024-05-28,-0.2977065582034973,0.23500547183164697,0.5535041826791486,14.473233649126815,0.8552676635087318,-3.879857299640809,ALERTA
2024-06-02,0.046831545354928276,-0.03640891891587124,0.03057586864237268,19.894989156488986,0.8010501084351102,0.45598435372775553,NORMAL
2024-06-07,-0.2217331277848149,0.32169804767834803,0.20560876228816558,0.0,1.0,-2.477257242109464,ALERTA
2024-06-12,-0.11273412771819377,0.2620127373759144,0.15486935902789484,0.0,1.0,-1.2867789965446956,NORMAL
2024-06-22,0.1952375929862868,-0.06458394003342995,0.2564742389291418,89.05376098618879,0.10946239013811208,2.0768631792894245,ALERTA
2024-06-27,-0.19347787595411395,0.24955987368172922,0.23983936539537576,0.0,1.0,-2.168655671390061,ALERTA
2024-07-02,-0.1851845526268622,0.2590590928795044,0.2288292638735141,0.0,1.0,-2.4898263426014036,ALERTA
2024-07-17,-0.03558505330635487,0.07770430848351671,0.01490433148375563,45.78244492637826,0.5421755507362174,-0.9595357310485083,NORMAL
2024-07-22,-0.2937217460558529,0.3840073132832199,0.28126774902367024,0.0,1.0,-3.60008037996847,ALERTA
2024-08-01,0.015329060409053939,-0.020220871599670533,0.1003216656836603,24.74603355781303,0.7525396644218697,-0.2699205937714953,NORMAL
2024-08-06,0.01576619745899636,0.13662260231012532,0.24870639695499241,0.0,1.0,-0.26510038819052956,NORMAL
2024-08-11,-0.14598626611755627,0.27126598783693706,0.1149332790679939,0.04565688848304772,0.9995434311151695,-2.04870607379726,ALERTA
2024-08-16,0.06557712697301984,0.08749464066982467,0.3813434097522327,0.0,1.0,0.2841528047571104,NORMAL
2024-08-21,0.018535344624482725,0.0981517380038653,-0.013291352157087996,79.5913708480767,0.20408629151923297,-0.2345656654454523,NORMAL
2024-08-26,-0.11865085244913065,0.21133960615493225,0.125161048583045,0.0,1.0,-1.7472850125078823,ATENÇÃO
2024-08-31,-0.01953492689017298,0.140445447204756,0.18864807259507752,3.7096221892478076,0.9629037781075219,-0.6543574338347832,NORMAL
2024-09-10,0.095229605060657,-0.0038802871179385756,0.46045707601826424,73.45051934710649,0.26549480652893503,0.5697041535163323,NORMAL
2024-09-30,-0.015786332775906298,0.1771722767169968,0.06588347016399086,0.0,1.0,-0.922878116584087,NORMAL
2024-10-20,0.16143658322592572,-0.11774748928247039,0.008127753068060604,98.15089601643649,0.0184910398356352,1.651581052944217,ATENÇÃO
2024-10-25,-0.010389293870565775,0.10356738480600755,0.018988982495412473,72.04657002625271,0.2795342997374729,0.40294973811311213,NORMAL
2024-10-30,0.010879455342977136,0.12045112414491382,-0.03854875409720792,33.32952859262641,0.6667047140737359,0.5575063552191939,NORMAL
2024-11-14,0.07738663771690234,0.00370279851584653,0.06226715679310941,78.72388996689875,0.21276110033101245,-0.027734036615017093,NORMAL
2024-11-24,0.05555338043606318,0.046981316972971324,-0.027270486320454465,2.2371875356694493,0.9776281246433055,-0.2671524211822629,NORMAL
2024-11-29,0.11575531034678636,-0.03737341493156623,0.11056914059688745,98.25362401552334,0.01746375984476658,0.3930078389959161,NORMAL
2025-01-03,-0.20511058483943456,0.28888822353013377,-0.05410154564026537,4.189019518319825,0.9581098048168017,-11.95653318791763,ALERTA
2025-01-08,0.041851705394365175,0.07053252399346081,0.2448863623771467,90.86862230339003,0.09131377696609976,-0.9424327532491461,NORMAL
2025-01-13,0.24120304971422757,-0.16793644077338943,0.1387552596302994,96.33603469923526,0.03663965300764753,7.9483000223762,ALERTA
2025-01-18,0.17749809406284994,-0.08792691123101509,0.11671196671251002,90.95993608035613,0.09040063919643876,5.107166750304102,ALERTA
2025-01-23,0.006398771667812414,0.19617857557454074,-0.05052895952125643,0.0,1.0,-2.5235736326855465,ALERTA
2025-02-12,0.1449747125096421,0.1314249924028368,0.037610697916872424,0.0,1.0,0.7411392458249771,NORMAL
2025-02-22,0.3440496456433482,-0.2705672565121139,0.14449429783919088,88.51729254651295,0.11482707453487045,4.253944098914622,ALERTA
2025-03-04,0.2484369489445838,-0.1610625557467973,0.040643513410434644,65.96278963588631,0.34037210364113685,1.9523715796754915,ATENÇÃO
2025-03-09,0.17601240715392225,0.017995713924111263,0.13560197866940263,0.0,1.0,0.7638692235432943,NORMAL
2025-03-14,0.08671530601383133,0.03350650345707216,0.04727954649308382,78.14176463873987,0.2185823536126013,-0.7015154717100707,NORMAL
2025-03-19,0.23211983451754697,-0.03091027509286816,0.30406890942313347,43.89909827645246,0.5610090172354754,1.6846042115661297,ATENÇÃO
2025-03-26,0.22765286446947652,-0.12606432874187432,0.13940197013365685,93.57379294601073,0.0642620705398927,1.611300269343768,ATENÇÃO
2025-03-29,0.2586315304192895,-0.20093232038271364,0.034529161113235,37.495719666704716,0.6250428033329528,2.1196668611215337,ALERTA
2025-04-03,0.3778882962710489,-0.34203006063417873,0.06061448857171558,74.75174066887342,0.2524825933112658,3.191759434927961,ALERTA
2025-04-08,0.1060401123325169,-0.021488555700098586,0.17534705302031375,0.4223262184682164,0.9957767378153178,-0.3335183624950354,NORMAL
2025-04-15,0.15265706216844682,-0.06954599721497279,0.0518646362505475,92.40954228969296,0.07590457710307043,0.271001762889889,NORMAL
2025-04-18,0.19706330239379216,-0.09374200753228998,0.11277453278348899,12.646958109804817,0.8735304189019518,0.8468538081948462,NORMAL
2025-04-28,0.3334680147923302,-0.21184015413839358,0.12053893510298548,42.92888939618765,0.5707111060381235,2.6157253052035014,ALERTA
2025-05-03,0.31438145776981785,-0.11884357725986175,0.21171420896123902,0.0,1.0,2.375134193652686,ALERTA
2025-05-23,0.13520677130669345,-0.08463253363035622,0.09432110423455013,97.7171555758475,0.02282844424152494,0.5441293211618768,NORMAL
2025-05-25,0.2525466987887463,-0.14944830758617822,0.08651957672937867,51.84339687250314,0.4815660312749686,1.7432383203093365,ATENÇÃO
2025-06-12,0.2878489276492348,-0.22437820035014766,0.3316569228664883,13.754137655518772,0.8624586234448123,3.0883566713542248,ALERTA
2025-06-17,0.049914201111315705,0.0030000138228675486,0.3442646493543834,0.0,1.0,0.48965287008388,NORMAL
2025-06-27,0.23785853696284637,-0.18145718527082255,0.18318448487195735,94.56683027051707,0.05433169729482936,2.5423656754455055,ALERTA
2025-07-07,0.1625319922848885,-0.10943152313772492,0.07496760249858264,78.18742152722292,0.2181257847277708,1.0670529690068313,NORMAL
2025-07-12,0.403552779452827,-0.3075172296789335,0.17256691283145417,54.43442529391622,0.4556557470608378,3.532514748407485,ALERTA
2025-07-22,0.2542689885913072,-0.17956875466412778,0.11937384507445038,0.0,1.0,2.005453597467565,ALERTA
2025-08-01,0.48813324899906174,-0.33979176106080927,0.3061389398453676,0.0,1.0,4.943577984868128,ALERTA
2025-08-13,0.6812401706226722,-0.5645561371303691,0.47155225139659157,0.0,1.0,7.072921771801414,ALERTA
2025-08-16,0.5626101757391827,-0.4590599551314372,0.3705774371726933,70.39150781874216,0.29608492181257845,5.764817223164661,ALERTA
2025-08-21,0.6480605220607403,-0.535390332019095,0.38606840628202044,0.0,1.0,6.70705773169369,ALERTA
2025-08-31,0.48410912980563403,-0.4215974065944223,0.24618996031493956,92.1812578472777,0.07818742152722293,4.899204986063322,ALERTA
2025-09-10,0.7805383143078126,-0.6839902524925067,0.47052347848750364,0.0,1.0,9.78351298944746,ALERTA
2025-09-20,0.6934532192541512,-0.6352987173503246,0.30427534508532433,45.097591599132514,0.5490240840086749,8.612675077340977,ALERTA
2025-09-25,0.7246304533675614,-0.62386561897677,0.4405169143472745,86.39424723205113,0.13605752767948864,9.031845403469772,ALERTA
2025-10-05,0.7944515301695942,-0.7185213696556172,0.40537813443681586,28.43282730281931,0.7156717269718069,6.251599972481885,ALERTA
2025-10-15,0.76067166762075,-0.6838010038677478,0.36032293629592416,0.0,1.0,6.006127085033788,ALERTA
2025-11-01,0.5339043954488688,-0.47923555832630504,0.25318431765197114,78.60974774569112,0.2139025225430887,4.978332748406984,ALERTA
2025-11-04,0.4199359000675262,-0.3579174107502378,0.26076718206916544,98.56180801278393,0.014381919872160712,3.728580926918261,ALERTA
2025-11-14,0.41127049966361384,-0.384620467787022,0.19154656477560705,95.1032987101929,0.048967012898071,3.633558176091532,ALERTA
2025-11-19,0.6808838479638157,-0.6370549638186195,0.3572309090015184,0.0,1.0,6.590074992501234,ALERTA
2025-11-21,0.6613422611232629,-0.6388171838619908,0.31437022555299793,0.0,1.0,6.375786529123318,ALERTA
2025-11-29,0.6445541041711593,-0.6347004160394579,0.3188811640054954,0.0,1.0,6.191691532869075,ALERTA
2025-12-04,0.5174098451416663,-0.4882927298548885,0.2728535413913599,54.822508846022146,0.45177491153977856,3.2831004572565683,ALERTA
2025-12-11,0.3656108132568603,-0.29672265572124557,0.19901982875869328,47.563063577217214,0.5243693642278279,2.2852376400597665,ALERTA
2025-12-14,0.5059980551089174,-0.43697562467723444,0.22723463477993394,13.000798995548458,0.8699920100445154,3.208084162291139,ALERTA
2025-12-19,0.5149438442156787,-0.4459986351565296,0.09056161357854842,0.0,1.0,3.2668900071590787,ALERTA
2025-12-24,0.3304815082548568,-0.22830087497569387,0.10844370409304024,65.95137541376555,0.3404862458623445,2.054312404106575,ALERTA
2025-12-31,0.35603202087887686,-0.305186389904775,0.003462393552109708,93.59662139025225,0.06403378609747745,2.2222706986441505,ALERTA
2026-01-03,0.31025808457210263,-0.15276063965147568,0.010974219888459513,0.0,1.0,11.028037777983046,ALERTA
2026-01-08,-0.05125820763843457,0.17996988617728335,-0.16368121499656876,76.25841798881406,0.23741582011185938,-5.094977389256694,ALERTA
2026-01-13,0.05167838196416992,0.019502403913384342,-0.1876168200716689,66.62481451889053,0.33375185481109465,-0.5041795989867299,NORMAL
2026-01-23,0.27146995596730017,-0.2066473744211734,0.14824873764950763,94.62390138112087,0.053760986188791236,9.298152848094823,ALERTA
2026-01-28,0.1156711964599938,0.08234800533584269,0.08086965164961168,19.74660426891908,0.8025339573108092,2.349791690665855,ALERTA
2026-02-07,0.2537764133419609,-0.09102789952462358,0.16775992920317417,10.786439904120538,0.8921356009587946,2.6610150267274273,ALERTA
2026-02-12,0.013519044382324609,0.1513690544240908,0.03574878911973443,42.2440360689419,0.577559639310581,-1.5784803149844966,ATENÇÃO
2026-02-17,0.39435331800662854,-0.3511320146829842,0.0930294382344588,31.7201232735989,0.682798767264011,5.141584655283815,ALERTA
2026-03-04,0.11017247564868565,0.041760092191921415,0.1111483752570492,4.668416847391854,0.9533158315260815,-0.31657825719790766,NORMAL
2026-03-19,0.08948072644756559,-9.285219071262298e-05,0.001999530178075379,86.45131834265494,0.13548681657345052,-0.6561343257624813,NORMAL
2026-03-29,0.014101116036693952,0.20566500082457073,-0.04126114217065793,0.0,1.0,-1.8931299954982845,ATENÇÃO
2026-04-03,0.05011184845296882,0.13978675542969274,0.1545370397781497,36.753795228855154,0.6324620477114484,-1.058785914576848,NORMAL
2026-04-18,0.0155158456960872,0.17779166432559776,0.11270670936252056,51.72925465129552,0.48270745348704486,-1.5074205849706592,ATENÇÃO
2026-04-20,0.31487465775790796,-0.21913155884796728,0.09766387361838429,93.44823650268235,0.06551763497317657,2.3746100334979228,ALERTA
2026-04-23,0.035917351207516074,0.15543028124737332,0.20989449429047738,0.0,1.0,-1.2428575727354727,NORMAL
2026-05-03,0.07920811355057325,0.011752809319528308,0.08308165614624219,96.99805958223948,0.030019404177605295,-0.028126822986608208,NORMAL
2026-05-10,-0.019559546210604087,-0.021812474052620722,0.24960117226737177,98.6645360118708,0.01335463988129209,-1.0374438746140393,NORMAL
2026-05-28,-0.16390686766852033,0.18784480011747337,0.2010940283129148,6.64307727428376,0.9335692272571624,-2.512544259259261,ALERTA
2026-05-30,0.15177666799864523,-0.13610021028104258,0.060275764879412,47.02659513754137,0.5297340486245863,0.7134588295792232,NORMAL
2026-06-02,0.09814583521919462,-0.005063700426759056,0.04503021931272101,80.20773884259788,0.19792261157402122,1.0164348691698781,NORMAL
2026-06-17,-0.06436592924209592,0.21958173545443807,-0.03255483820199711,0.0,1.0,-0.758505452496041,NORMAL
2026-06-22,0.06693913918006397,0.0369867762343522,0.18630198389439595,21.333181143705062,0.7866681885629494,0.6755978639879012,NORMAL
2026-07-07,-0.29901651498997067,0.3272808195280227,0.24469878073410892,0.0,1.0,-3.6542418927210183,ALERTA
2026-07-09,-0.2780597308533043,0.33126969802204714,0.292780615557521,0.0,1.0,-3.4398697179587665,ALERTA
2026-07-12,-0.19108079616143098,0.21548221005544507,0.3815729615843393,23.364912681200778,0.7663508731879922,-2.5501404891417536,ALERTA
2026-07-17,-0.26977484211307073,0.3092012925115044,0.17366137175287663,0.0,1.0,-3.355121523516101,ALERTA
2026-07-19,-0.2577978775170543,0.324566997699843,0.19687421734603924,0.0,1.0,-3.232606163776037,ALERTA
2026-08-01,-0.1454162162490574,0.245604856456313,0.28987208327897135,0.0,1.0,-2.0424202703909162,ALERTA
