data,pixels_validos,ndvi,fai,ndci,ndti,cdom,ndwi,ndmi,frac_agua,area_agua_ha,frac_cobertura_flutuante,area_cobertura_flutuante_ha,frac_floracao,area_floracao_ha,fracao_valida,nuvem_pct,confianca,ndvi_z,ndvi_status,ndvi_confirmado,fai_z,fai_status,fai_confirmado,ndci_z,ndci_status,ndci_confirmado,ndti_z,ndti_status,ndti_confirmado,cdom_z,ndwi_z,ndmi_z,combinacoes,indices_em_alerta,indices_concordantes,nivel,nivel_confirmado,area_confiavel
2016-07-19,7334,0.037321,0.039816,0.029199,0.003761,0.992608,-0.041074,0.052198,0.0015,0.11,0.997,73.12,0.0011,0.08,1.0,0.0,ALTA,0.95,NORMAL,NAO,1.3482,NORMAL,NAO,-0.2951,NORMAL,NAO,1.7416,ATENCAO,NAO,-1.6969,-1.3081,-0.6285,,0,,NORMAL,NAO,SIM
2016-08-28,1660,-0.043921,0.00153,0.069176,-0.154063,1.380856,0.185594,-0.003218,0.75,12.45,0.191,3.17,0.3554,5.9,0.2263,77.4,BAIXA,0.9642,NORMAL,,0.193,NORMAL,,0.567,NORMAL,,-0.3494,NORMAL,,0.3761,-0.7994,-0.9145,,0,,NORMAL,,NAO
2016-09-17,5493,-0.035235,0.009784,0.042437,-0.115005,1.266521,0.142865,0.103659,0.6612,36.32,0.3024,16.61,0.1766,9.7,0.749,25.1,ALTA,1.4262,NORMAL,NAO,1.4418,NORMAL,NAO,-0.8409,NORMAL,NAO,0.0247,NORMAL,NAO,-0.0755,-1.8338,0.1078,,0,,NORMAL,NAO,SIM
2016-10-27,780,-0.136907,0.003142,0.024032,-0.006511,1.018252,0.143107,0.116274,0.5628,4.39,0.3333,2.6,0.1244,0.97,0.1064,89.4,BAIXA,0.8448,NORMAL,,0.4645,NORMAL,,-0.5204,NORMAL,,0.8221,NORMAL,,-0.8488,-1.0079,0.6294,,0,,NORMAL,,NAO
2016-12-06,3279,-0.071626,0.013227,0.074152,-0.081932,1.182757,0.139086,0.006295,0.7075,23.2,0.222,7.28,0.323,10.59,0.4471,55.3,MEDIA,0.831,NORMAL,NAO,1.2328,NORMAL,NAO,-0.2824,NORMAL,NAO,0.3953,NORMAL,NAO,-0.5225,-1.0013,0.3564,,0,,NORMAL,,NAO
2016-12-16,453,0.243444,0.075137,0.076998,-0.046827,1.098606,-0.199295,0.099529,0.0022,0.01,0.9934,4.5,0.2296,1.04,0.0618,93.8,BAIXA,2.1931,ALERTA,,6.4897,ALERTA,,-0.2379,NORMAL,,0.8093,NORMAL,,-0.9574,-2.6256,0.6093,Expansão de vegetação flutuante,2,ndvi;fai,NORMAL,,NAO
2017-01-15,5369,-0.050244,0.020952,0.055646,-0.121752,1.284001,0.154374,0.018591,0.6722,36.09,0.2773,14.89,0.2799,15.03,0.7321,26.8,ALTA,1.1858,NORMAL,NAO,1.6429,ATENCAO,NAO,-0.6482,NORMAL,NAO,-0.0822,NORMAL,NAO,0.0656,-0.957,-0.0846,,0,,NORMAL,NAO,SIM
2017-05-15,7334,-0.289976,-0.00396,-0.021734,-0.087798,1.196021,0.35819,0.162753,0.8474,62.15,0.1115,8.18,0.1429,10.48,1.0,0.0,ALTA,-0.9452,NORMAL,NAO,-0.3213,NORMAL,NAO,-1.1573,NORMAL,NAO,0.2063,NORMAL,NAO,-0.3086,0.9609,0.1753,,0,,NORMAL,NAO,SIM
2017-06-24,3550,0.087786,0.027764,0.035063,-0.070862,1.160582,-0.01841,0.00786,0.311,11.04,0.5665,20.11,0.0946,3.36,0.484,51.6,MEDIA,1.8314,ATENCAO,NAO,1.6813,ATENCAO,NAO,0.3456,NORMAL,NAO,0.0925,NORMAL,NAO,-0.1344,-1.7531,-1.4447,Expansão de vegetação flutuante,0,,NORMAL,,NAO
2017-07-14,7334,0.095231,0.052344,0.041831,-0.002314,1.006076,-0.093004,0.017619,0.0083,0.61,0.964,70.7,0.0664,4.87,1.0,0.0,ALTA,1.2929,NORMAL,NAO,1.9148,ATENCAO,NAO,-0.0254,NORMAL,NAO,1.6422,ATENCAO,NAO,-1.6067,-1.5774,-0.9889,,0,,NORMAL,NAO,SIM
2017-07-29,7297,0.082134,0.043959,0.046791,-0.083411,1.210673,-0.006858,0.015724,0.3162,23.07,0.6379,46.55,0.2047,14.94,0.995,0.5,ALTA,1.2153,NORMAL,NAO,1.5356,ATENCAO,NAO,0.0805,NORMAL,NAO,0.3154,NORMAL,NAO,-0.2355,-1.1307,-1.0087,,0,,NORMAL,NAO,SIM
2017-09-07,7099,-0.209754,-0.000383,0.02479,-0.049537,1.109205,0.249306,0.129548,0.765,54.31,0.1924,13.66,0.2047,14.53,0.968,3.2,ALTA,-0.4484,NORMAL,NAO,0.2571,NORMAL,NAO,-1.3361,NORMAL,NAO,1.1442,NORMAL,NAO,-1.1629,-0.315,0.333,,0,,NORMAL,NAO,SIM
2017-09-12,7146,-0.170959,-0.004574,0.054723,-0.039827,1.087193,0.205655,0.09649,0.7765,55.49,0.1685,12.04,0.225,16.08,0.9744,2.6,ALTA,-0.0317,NORMAL,NAO,-0.2312,NORMAL,NAO,-0.4962,NORMAL,NAO,1.3103,NORMAL,NAO,-1.315,-0.9379,0.0454,,0,,NORMAL,NAO,SIM
2017-11-11,7183,-0.206594,0.001104,0.053514,-0.112384,1.258408,0.298353,-0.040668,0.8321,59.77,0.1149,8.25,0.2404,17.27,0.9794,2.1,ALTA,-0.6233,NORMAL,NAO,-0.0839,NORMAL,NAO,-0.3897,NORMAL,NAO,-0.1389,NORMAL,NAO,0.073,0.7599,-0.2139,,0,,NORMAL,NAO,SIM
2017-11-16,6174,-0.068297,0.011572,0.059186,-0.110081,1.251483,0.165527,-0.02763,0.7033,43.42,0.2353,14.53,0.2579,15.92,0.8418,15.8,ALTA,0.5566,NORMAL,NAO,0.5761,NORMAL,NAO,-0.2011,NORMAL,NAO,-0.1088,NORMAL,NAO,0.0306,-0.5429,-0.1479,,0,,NORMAL,NAO,SIM
2017-11-26,5123,-0.358723,0.00081,0.031929,-0.151291,1.360994,0.451135,-0.191961,0.8271,42.37,0.1462,7.49,0.2294,11.75,0.6985,30.1,MEDIA,-1.9211,NORMAL,NAO,-0.1024,NORMAL,NAO,-1.1071,NORMAL,NAO,-0.6484,NORMAL,NAO,0.7018,2.2584,-0.9804,,0,,NORMAL,,NAO
2017-12-16,4067,0.067898,0.024776,0.058832,-0.147816,1.35529,0.070586,0.091182,0.5746,23.37,0.3686,14.99,0.2759,11.22,0.5545,44.5,MEDIA,1.4342,NORMAL,NAO,2.2135,ALERTA,NAO,-0.5218,NORMAL,NAO,-0.3817,NORMAL,NAO,0.369,-1.3301,0.5867,,1,fai,NORMAL,,NAO
2018-01-05,1336,0.233166,0.047942,0.150878,-0.099143,1.226864,-0.155212,0.150538,0.4184,5.59,0.4469,5.97,0.5434,7.26,0.1822,81.8,BAIXA,4.3533,ALERTA,,4.2788,ALERTA,,1.9574,ATENCAO,,0.5161,NORMAL,,-0.5283,-3.825,1.7527,Expansão de vegetação flutuante,2,ndvi;fai,NORMAL,,NAO
2018-01-30,2897,0.36071,0.144281,0.099801,-0.040158,1.084243,-0.325612,0.173354,0.0,0.0,1.0,28.97,0.4415,12.79,0.395,60.5,MEDIA,5.7788,ALERTA,NAO,13.6877,ALERTA,SIM,0.5599,NORMAL,NAO,2.077,ALERTA,NAO,-2.0107,-5.4035,2.0704,Expansão de vegetação flutuante,3,ndvi;fai;ndti,NORMAL,,NAO
2018-02-04,3619,0.042796,0.046924,0.065881,-0.102728,1.232549,0.044709,0.088653,0.5007,18.12,0.4802,17.38,0.2993,10.83,0.4935,50.7,MEDIA,0.679,NORMAL,NAO,0.4561,NORMAL,NAO,-0.7099,NORMAL,NAO,0.7917,NORMAL,NAO,-0.8756,-0.7089,0.4735,,0,,NORMAL,,NAO
2018-02-09,5624,0.430572,0.168597,0.131681,-0.058119,1.133817,-0.384643,0.147671,0.0039,0.22,0.9794,55.08,0.8401,47.25,0.7668,23.3,ALTA,2.4477,ALERTA,NAO,2.6576,ALERTA,NAO,0.8513,NORMAL,NAO,2.0373,ALERTA,NAO,-1.9705,-2.5037,1.0642,Expansão de vegetação flutuante,3,ndvi;fai;ndti,CONFIRMADO,NAO,SIM
2018-02-24,969,0.158661,0.04264,0.062872,-0.075938,1.17079,-0.085638,0.038466,0.1569,1.52,0.7368,7.14,0.2951,2.86,0.1321,86.8,BAIXA,1.2075,NORMAL,,0.3786,NORMAL,,-0.7813,NORMAL,,1.5398,ATENCAO,,-1.5605,-1.2538,-0.0288,,0,,NORMAL,,NAO
2018-03-01,1193,0.047134,0.027245,0.050294,-0.112661,1.264667,0.058364,0.102507,0.5365,6.4,0.3998,4.77,0.2548,3.04,0.1627,83.7,BAIXA,1.6117,ATENCAO,,5.7308,ALERTA,,-1.6044,NORMAL,,1.319,NORMAL,,-1.1726,-1.7615,0.4558,Expansão de vegetação flutuante,1,fai,NORMAL,,NAO
2018-03-11,2163,0.142848,0.042101,0.087318,-0.079262,1.178584,-0.069019,0.065522,0.2376,5.14,0.6634,14.35,0.3879,8.39,0.2949,70.5,BAIXA,2.6451,ALERTA,,9.1831,ALERTA,,-0.7772,NORMAL,,2.6046,ALERTA,,-2.341,-3.04,0.0947,Expansão de vegetação flutuante,3,ndvi;fai;ndti,NORMAL,,NAO
2018-03-16,4377,0.236337,0.071633,0.115641,-0.052838,1.117908,-0.187956,0.058725,0.141,6.17,0.7578,33.17,0.6532,28.59,0.5968,40.3,MEDIA,3.6545,ALERTA,SIM,16.046,ALERTA,SIM,-0.1445,NORMAL,NAO,3.6218,ALERTA,SIM,-3.1646,-4.2338,0.0283,Expansão de vegetação flutuante,3,ndvi;fai;ndti,NORMAL,,NAO
2018-04-05,3304,-0.210839,0.004807,0.034573,-0.160172,1.383652,0.339019,0.133833,0.8502,28.09,0.1368,4.52,0.1646,5.44,0.4505,54.9,MEDIA,-1.1647,NORMAL,NAO,-0.2612,NORMAL,NAO,-0.9549,NORMAL,NAO,-0.2174,NORMAL,NAO,0.0535,2.1864,-0.1386,,0,,NORMAL,,NAO
2018-04-10,7235,-0.04219,0.011333,0.073806,-0.142975,1.3382,0.166926,0.028319,0.7283,52.69,0.2003,14.49,0.2921,21.13,0.9865,1.3,ALTA,0.1913,NORMAL,NAO,0.1809,NORMAL,NAO,-0.624,NORMAL,NAO,-0.0149,NORMAL,NAO,-0.1304,-0.4451,-1.216,,0,,NORMAL,NAO,SIM
2018-04-20,7334,-0.072686,0.008844,0.072846,-0.117339,1.269231,0.172346,0.07246,0.7179,52.65,0.2064,15.14,0.2992,21.94,1.0,0.0,ALTA,-0.0539,NORMAL,NAO,0.0123,NORMAL,NAO,-0.6321,NORMAL,NAO,0.287,NORMAL,NAO,-0.4095,-0.3622,-0.7652,,0,,NORMAL,NAO,SIM
2018-04-25,7334,-0.043385,0.013282,0.061214,-0.168724,1.413868,0.188087,0.080042,0.7266,53.29,0.2214,16.24,0.2877,21.1,1.0,0.0,ALTA,0.1817,NORMAL,NAO,0.3129,NORMAL,NAO,-0.7302,NORMAL,NAO,-0.318,NORMAL,NAO,0.1758,-0.1215,-0.6878,,0,,NORMAL,NAO,SIM
2018-05-15,7177,-0.110423,0.005484,0.046544,-0.078063,1.173923,0.177987,0.100524,0.7498,53.81,0.2006,14.4,0.2317,16.63,0.9786,2.1,ALTA,0.2364,NORMAL,NAO,0.2246,NORMAL,NAO,-0.1441,NORMAL,NAO,0.341,NORMAL,NAO,-0.4306,-0.4684,-0.2818,,0,,NORMAL,NAO,SIM
2018-05-20,7334,-0.24649,-0.002083,0.014898,-0.035853,1.080476,0.273886,0.175632,0.7876,57.76,0.1678,12.31,0.1976,14.49,1.0,0.0,ALTA,-0.659,NORMAL,NAO,-0.2128,NORMAL,NAO,-0.6137,NORMAL,NAO,0.9251,NORMAL,NAO,-0.9465,0.2922,0.2699,,0,,NORMAL,NAO,SIM
2018-05-25,780,0.133652,0.031847,0.049882,-0.078663,1.172409,-0.055841,0.061151,0.2,1.56,0.759,5.92,0.1192,0.93,0.1064,89.4,BAIXA,1.8426,ATENCAO,,1.7482,ATENCAO,,-0.0946,NORMAL,,0.3327,NORMAL,,-0.4389,-2.3231,-0.571,Expansão de vegetação flutuante,0,,NORMAL,,NAO
2018-05-30,7334,0.027009,0.024702,0.050832,-0.056255,1.127144,0.023192,0.05139,0.4479,32.85,0.4645,34.07,0.231,16.94,1.0,0.0,ALTA,1.1408,NORMAL,NAO,1.3353,NORMAL,NAO,-0.0805,NORMAL,NAO,0.6428,NORMAL,NAO,-0.6888,-1.6963,-0.6427,,0,,NORMAL,NAO,SIM
2018-06-09,7334,-0.122806,0.004678,0.02758,-0.057441,1.127519,0.171869,0.221112,0.7006,51.38,0.2398,17.59,0.2582,18.94,1.0,0.0,ALTA,0.5289,NORMAL,NAO,0.4059,NORMAL,NAO,0.1975,NORMAL,NAO,0.3124,NORMAL,NAO,-0.358,-0.6087,0.2563,,0,,NORMAL,NAO,SIM
2018-06-14,5975,-0.174687,-0.002402,0.025601,-0.035945,1.080659,0.204781,0.180531,0.7506,44.85,0.191,11.41,0.2117,12.65,0.8147,18.5,ALTA,0.208,NORMAL,NAO,0.0147,NORMAL,NAO,0.1583,NORMAL,NAO,0.6646,NORMAL,NAO,-0.6749,-0.4108,-0.0674,,0,,NORMAL,NAO,SIM
2018-06-24,7334,-0.145968,0.002386,0.060013,-0.063535,1.141255,0.198906,0.099946,0.727,53.32,0.2003,14.69,0.3114,22.84,1.0,0.0,ALTA,0.3856,NORMAL,NAO,0.2792,NORMAL,NAO,0.8396,NORMAL,NAO,0.2126,NORMAL,NAO,-0.2651,-0.4461,-0.7102,,0,,NORMAL,NAO,SIM
2018-06-29,7334,0.049157,0.023429,0.040929,-0.001749,1.005249,-0.04758,-0.02232,0.0361,2.65,0.6053,44.39,0.0522,3.83,1.0,0.0,ALTA,1.5924,ATENCAO,NAO,1.4418,NORMAL,NAO,0.4618,NORMAL,NAO,1.2247,NORMAL,NAO,-1.1849,-1.9286,-1.6855,,0,,NORMAL,NAO,SIM
2018-07-14,7334,-0.031047,0.011224,0.101558,-0.121014,1.282875,0.134803,0.133495,0.6698,49.12,0.2439,17.89,0.3714,27.24,1.0,0.0,ALTA,0.5452,NORMAL,NAO,0.0549,NORMAL,NAO,1.2499,NORMAL,NAO,-0.2998,NORMAL,NAO,0.2484,-0.396,0.219,,0,,NORMAL,NAO,SIM
2018-07-19,7334,0.015586,0.012195,0.102081,-0.11695,1.274099,0.090431,0.114773,0.655,48.04,0.26,19.07,0.38,27.87,1.0,0.0,ALTA,0.8213,NORMAL,NAO,0.0989,NORMAL,NAO,1.2611,NORMAL,NAO,-0.2333,NORMAL,NAO,0.1896,-0.6261,0.0238,,0,,NORMAL,NAO,SIM
2018-08-23,78,0.08119,0.010388,0.11768,0.032183,0.953282,-0.114478,-0.097789,0.0,0.0,0.5128,0.4,0.5256,0.41,0.0106,98.9,BAIXA,1.9003,ATENCAO,,0.87,NORMAL,,1.8542,ATENCAO,,2.7981,ALERTA,,-2.4881,-3.0785,-1.5778,Alteração da qualidade da água,1,ndti,NORMAL,,NAO
2018-08-28,2382,0.027319,0.026705,0.045131,-0.089837,1.204874,0.052364,0.049134,0.4416,10.52,0.5202,12.39,0.2347,5.59,0.3248,67.5,MEDIA,1.4973,NORMAL,NAO,2.1169,ALERTA,NAO,-0.071,NORMAL,NAO,0.736,NORMAL,NAO,-0.8027,-1.8113,-0.5473,,1,fai,NORMAL,,NAO
2018-09-07,7170,-0.173198,-0.004843,0.051198,-0.030523,1.070721,0.198005,0.296184,0.7612,54.58,0.1961,14.06,0.2126,15.24,0.9776,2.2,ALTA,-0.0558,NORMAL,NAO,-0.2626,NORMAL,NAO,-0.5951,NORMAL,NAO,1.4694,NORMAL,NAO,-1.4289,-1.047,1.7828,,0,,NORMAL,NAO,SIM
2018-09-22,7206,-0.099211,0.008502,0.114308,-0.138406,1.32581,0.213061,0.082622,0.7144,51.48,0.2187,15.76,0.4567,32.91,0.9825,1.7,ALTA,0.739,NORMAL,NAO,1.2925,NORMAL,NAO,1.1757,NORMAL,NAO,-0.3755,NORMAL,NAO,0.3343,-0.8322,-0.0752,,0,,NORMAL,NAO,SIM
2018-10-22,1584,-0.146065,-0.017312,0.02654,0.038038,0.929366,0.110678,0.205007,0.7083,11.22,0.1648,2.61,0.0543,0.86,0.216,78.4,BAIXA,0.8028,NORMAL,,-0.581,NORMAL,,-0.4546,NORMAL,,1.3994,NORMAL,,-1.3567,-1.1562,0.8926,,0,,NORMAL,,NAO
2018-10-27,3138,-0.130671,0.002832,0.008632,-0.039594,1.087963,0.164747,0.019105,0.6093,19.12,0.3091,9.7,0.1313,4.12,0.4279,57.2,MEDIA,0.8734,NORMAL,NAO,0.4487,NORMAL,NAO,-0.924,NORMAL,NAO,0.3934,NORMAL,NAO,-0.4506,-0.9089,0.3412,,0,,NORMAL,,NAO
2018-11-16,5485,-0.001229,0.022433,0.063586,-0.128148,1.307479,0.115386,-0.01753,0.6026,33.05,0.3205,17.58,0.2873,15.76,0.7479,25.2,ALTA,1.1288,NORMAL,NAO,1.261,NORMAL,NAO,-0.0549,NORMAL,NAO,-0.3453,NORMAL,NAO,0.3738,-1.0346,-0.0967,,0,,NORMAL,NAO,SIM
2018-11-21,4094,0.007149,0.012465,0.040516,-0.117418,1.269241,0.105646,0.185528,0.7941,32.51,0.1678,6.87,0.1456,5.96,0.5582,44.2,MEDIA,1.2003,NORMAL,NAO,0.6324,NORMAL,NAO,-0.8217,NORMAL,NAO,-0.2048,NORMAL,NAO,0.1394,-1.1302,0.9319,,0,,NORMAL,,NAO
2018-11-26,83,-0.019871,0.002144,0.015185,-0.093143,1.207309,0.111424,-0.058382,0.7831,0.65,0.1928,0.16,0.0964,0.08,0.0113,98.9,BAIXA,0.9698,NORMAL,,-0.0183,NORMAL,,-1.6637,NORMAL,,0.113,NORMAL,,-0.2402,-1.0735,-0.3037,,0,,NORMAL,,NAO
2018-12-06,6922,-0.043873,0.008827,0.095336,-0.160487,1.385932,0.189,-0.005816,0.8076,55.9,0.1445,10.0,0.3057,21.16,0.9438,5.6,ALTA,0.951,NORMAL,NAO,0.8592,NORMAL,NAO,0.0486,NORMAL,NAO,-0.5311,NORMAL,NAO,0.5273,-0.7617,0.3235,,0,,NORMAL,NAO,SIM
2018-12-11,7251,-0.061731,0.00683,0.085047,-0.124813,1.288556,0.174786,-0.004442,0.8021,58.16,0.1347,9.77,0.2784,20.19,0.9887,1.1,ALTA,0.8738,NORMAL,NAO,0.6896,NORMAL,NAO,-0.1122,NORMAL,NAO,-0.1104,NORMAL,NAO,0.0241,-0.83,0.3272,,0,,NORMAL,NAO,SIM
2018-12-16,5952,-0.201951,0.011079,0.12375,-0.117004,1.272736,0.286005,-0.229829,0.7102,42.27,0.2151,12.8,0.4913,29.24,0.8116,18.8,ALTA,0.2676,NORMAL,NAO,1.0504,NORMAL,NAO,0.4926,NORMAL,NAO,-0.0183,NORMAL,NAO,-0.0576,-0.2961,-0.2842,,0,,NORMAL,NAO,SIM
2018-12-21,7216,-0.742744,-0.01087,0.038771,-0.084078,1.19017,0.761048,-0.802363,0.8739,63.06,0.0928,6.7,0.2245,16.2,0.9839,1.6,ALTA,-2.0702,NORMAL,NAO,-0.8133,NORMAL,NAO,-0.8353,NORMAL,NAO,0.37,NORMAL,NAO,-0.4842,1.9841,-1.8375,,0,,NORMAL,NAO,SIM
2018-12-31,2035,0.055422,0.021293,0.073293,-0.136525,1.324059,0.072702,0.094908,0.5425,11.04,0.3823,7.78,0.2835,5.77,0.2775,72.3,BAIXA,1.3803,NORMAL,,1.9177,ATENCAO,,-0.2958,NORMAL,,-0.2485,NORMAL,,0.2076,-1.32,0.5968,,0,,NORMAL,,NAO
2019-01-10,2989,-0.460569,0.00612,0.008979,-0.112408,1.259686,0.50426,-0.569757,0.736,22.0,0.2058,6.15,0.2345,7.01,0.4076,59.2,MEDIA,-3.4001,NORMAL,NAO,0.1943,NORMAL,NAO,-1.9251,NORMAL,NAO,0.1651,NORMAL,NAO,-0.1872,2.2842,-8.277,,0,,NORMAL,,NAO
2019-01-15,417,0.428056,0.192672,0.127749,-0.06069,1.146705,-0.380222,0.200752,0.0,0.0,1.0,4.17,0.7314,3.05,0.0569,94.3,BAIXA,6.5314,ALERTA,,18.4137,ALERTA,,1.3246,NORMAL,,1.5337,ATENCAO,,-1.3615,-5.9094,2.4519,Expansão de vegetação flutuante,2,ndvi;fai,NORMAL,,NAO
2019-01-25,1062,0.053776,0.040647,0.0654,-0.07441,1.16979,0.011458,0.067716,0.3249,3.45,0.6168,6.55,0.291,3.09,0.1448,85.5,BAIXA,2.3484,ALERTA,,3.5663,ALERTA,,-0.3814,NORMAL,,1.1706,NORMAL,,-1.1215,-2.281,0.5994,Expansão de vegetação flutuante,2,ndvi;fai,NORMAL,,NAO
2019-01-30,7217,-0.26317,0.001066,0.070653,-0.139919,1.328359,0.367809,-0.087036,0.8358,60.32,0.1151,8.31,0.245,17.68,0.984,1.6,ALTA,-1.1939,NORMAL,NAO,-0.2993,NORMAL,NAO,-0.2376,NORMAL,NAO,-0.5629,NORMAL,NAO,0.5266,1.0202,-1.5554,,0,,NORMAL,NAO,SIM
2019-02-09,7201,-0.140854,0.005297,0.079264,-0.159357,1.383136,0.274501,0.021024,0.8224,59.22,0.125,9.0,0.2597,18.7,0.9819,1.8,ALTA,-0.1586,NORMAL,NAO,-0.2971,NORMAL,NAO,-0.3924,NORMAL,NAO,-0.7896,NORMAL,NAO,0.7944,0.2516,-0.2034,,0,,NORMAL,NAO,SIM
2019-02-19,3091,-0.189427,0.013764,0.042577,-0.077266,1.174185,0.25119,0.1015,0.7082,21.89,0.2582,7.98,0.1876,5.8,0.4215,57.9,MEDIA,-0.3802,NORMAL,NAO,-0.1439,NORMAL,NAO,-1.2628,NORMAL,NAO,1.5027,ATENCAO,NAO,-1.5228,0.1542,0.6021,,0,,NORMAL,,NAO
2019-02-24,5381,-0.18202,-0.000301,0.109368,-0.082591,1.183657,0.25127,0.130346,0.7946,42.76,0.1751,9.42,0.4107,22.1,0.7337,26.6,ALTA,-0.3464,NORMAL,NAO,-0.3984,NORMAL,NAO,0.3219,NORMAL,NAO,1.354,NORMAL,NAO,-1.4178,0.1545,0.8908,,0,,NORMAL,NAO,SIM
2019-03-06,999,0.164998,0.039357,0.09151,-0.058451,1.134329,-0.109305,-0.010692,0.2452,2.45,0.6346,6.34,0.4565,4.56,0.1362,86.4,BAIXA,2.8843,ALERTA,,8.5455,ALERTA,,-0.6836,NORMAL,,3.4057,ALERTA,,-2.9417,-3.4444,-0.6494,Expansão de vegetação flutuante,3,ndvi;fai;ndti,NORMAL,,NAO
2019-03-31,2437,0.179546,0.044391,0.11032,-0.012508,1.068213,-0.172834,-0.06687,0.1366,3.33,0.6032,14.7,0.5297,12.91,0.3323,66.8,MEDIA,3.0413,ALERTA,NAO,9.7153,ALERTA,NAO,-0.2634,NORMAL,NAO,5.1742,ALERTA,NAO,-3.8391,-4.0821,-1.1979,Expansão de vegetação flutuante,3,ndvi;fai;ndti,NORMAL,,NAO
2019-04-10,217,0.013336,0.008658,0.020913,-0.053545,1.116481,0.039921,0.045929,0.6406,1.39,0.2857,0.62,0.0737,0.16,0.0296,97.0,BAIXA,0.6377,NORMAL,,-0.0003,NORMAL,,-1.0701,NORMAL,,1.038,NORMAL,,-1.0277,-2.3872,-1.0361,,0,,NORMAL,,NAO
2019-04-15,7166,-0.235072,-0.005746,0.04264,-0.08885,1.197007,0.310259,0.154256,0.8787,62.97,0.0875,6.27,0.1422,10.19,0.9771,2.3,ALTA,-1.3596,NORMAL,NAO,-0.9761,NORMAL,NAO,-0.8869,NORMAL,NAO,0.6224,NORMAL,NAO,-0.7018,1.7466,0.07,,0,,NORMAL,NAO,SIM
2019-04-20,247,0.156176,0.014675,0.026468,-0.116633,1.265214,-0.041111,0.07735,0.4413,1.09,0.1174,0.29,0.1174,0.29,0.0337,96.6,BAIXA,1.7862,ATENCAO,,0.4073,NORMAL,,-1.0233,NORMAL,,0.2953,NORMAL,,-0.4258,-3.6263,-0.7153,,0,,NORMAL,,NAO
2019-04-30,2440,-0.003333,0.021692,0.056704,-0.115403,1.265945,0.105936,0.186713,0.4721,11.52,0.4914,11.99,0.1754,4.28,0.3327,66.7,MEDIA,0.5037,NORMAL,NAO,0.8826,NORMAL,NAO,-0.7682,NORMAL,NAO,0.3097,NORMAL,NAO,-0.4228,-1.3777,0.4014,,0,,NORMAL,,NAO
2019-05-05,7334,-0.157704,0.001784,0.05113,-0.169856,1.412687,0.30367,0.086767,0.8585,62.96,0.1064,7.8,0.2457,18.02,1.0,0.0,ALTA,-0.0748,NORMAL,NAO,0.0107,NORMAL,NAO,-0.0761,NORMAL,NAO,-0.9292,NORMAL,NAO,0.8877,0.5285,-0.3829,,0,,NORMAL,NAO,SIM
2019-05-25,1290,0.00669,0.019279,0.045479,-0.048796,1.107056,0.03659,0.117803,0.4953,6.39,0.3953,5.1,0.1829,2.36,0.1759,82.4,BAIXA,1.0071,NORMAL,,1.0219,NORMAL,,-0.1599,NORMAL,,0.746,NORMAL,,-0.7998,-1.59,-0.1549,,0,,NORMAL,,NAO
2019-06-04,7334,-0.458383,-0.037036,-0.052612,0.036334,0.93462,0.430548,0.46446,0.9254,67.87,0.059,4.33,0.0376,2.76,1.0,0.0,ALTA,-1.5467,NORMAL,NAO,-1.8987,NORMAL,NAO,-1.3902,NORMAL,NAO,1.8486,ATENCAO,NAO,-1.6626,0.947,2.1973,,0,,NORMAL,NAO,SIM
2019-06-09,7334,-0.00965,0.020666,0.017364,-0.029686,1.065202,0.034788,-9.6e-05,0.2881,21.13,0.5729,42.02,0.0749,5.49,1.0,0.0,ALTA,1.2287,NORMAL,NAO,1.2891,NORMAL,NAO,-0.0048,NORMAL,NAO,0.7671,NORMAL,NAO,-0.7795,-1.4332,-1.5082,,0,,NORMAL,NAO,SIM
2019-06-19,3760,0.278991,0.068523,0.096271,-0.056244,1.136599,-0.228994,0.043652,0.0104,0.39,0.9016,33.9,0.4689,17.63,0.5127,48.7,MEDIA,3.014,ALERTA,NAO,3.9331,ALERTA,NAO,1.5575,ATENCAO,NAO,0.332,NORMAL,NAO,-0.2966,-3.0196,-1.1592,Expansão de vegetação flutuante,2,ndvi;fai,NORMAL,,NAO
2019-06-29,5741,-0.05661,0.008945,0.041819,-0.120675,1.281043,0.165516,0.126564,0.7312,41.98,0.2123,12.19,0.2001,11.49,0.7828,21.7,ALTA,0.9383,NORMAL,NAO,0.6416,NORMAL,NAO,0.4794,NORMAL,NAO,-0.7235,NORMAL,NAO,0.6803,-0.6469,-0.4979,,0,,NORMAL,NAO,SIM
2019-07-04,5038,0.104785,0.035264,0.043291,-0.004119,1.008867,-0.100793,-0.000718,0.0216,1.09,0.708,35.67,0.105,5.29,0.6869,31.3,MEDIA,1.3495,NORMAL,NAO,1.1423,NORMAL,NAO,0.0058,NORMAL,NAO,1.6127,ATENCAO,NAO,-1.588,-1.6178,-1.18,,0,,NORMAL,,NAO
2019-07-14,7334,-0.294137,-0.004838,-0.00505,-0.121225,1.289453,0.38847,-0.100829,0.8677,63.64,0.0755,5.54,0.1688,12.38,1.0,0.0,ALTA,-1.0125,NORMAL,NAO,-0.6716,NORMAL,NAO,-1.0264,NORMAL,NAO,-0.3032,NORMAL,NAO,0.2925,0.9196,-2.2236,,0,,NORMAL,NAO,SIM
2019-07-24,4527,-0.061059,0.003465,0.059711,-0.115854,1.280309,0.169313,0.036325,0.7793,35.28,0.1297,5.87,0.2589,11.72,0.6173,38.3,MEDIA,0.3675,NORMAL,NAO,-0.296,NORMAL,NAO,0.3564,NORMAL,NAO,-0.2153,NORMAL,NAO,0.2312,-0.217,-0.7939,,0,,NORMAL,,NAO
2019-07-29,4964,0.146192,0.055388,0.076519,-0.061802,1.145739,-0.087925,-0.005038,0.2139,10.62,0.7015,34.82,0.2899,14.39,0.6768,32.3,MEDIA,1.5946,ATENCAO,NAO,2.0525,ALERTA,NAO,0.7153,NORMAL,NAO,0.669,NORMAL,NAO,-0.6707,-1.5511,-1.2251,Expansão de vegetação flutuante,1,fai,NORMAL,,NAO
2019-08-03,7334,-0.211714,-0.001064,0.084002,-0.144578,1.362868,0.332821,0.076617,0.8395,61.57,0.1053,7.72,0.3124,22.91,1.0,0.0,ALTA,-0.2912,NORMAL,NAO,-0.0052,NORMAL,NAO,0.9605,NORMAL,NAO,-0.1891,NORMAL,NAO,0.2556,0.3188,-0.3546,,0,,NORMAL,NAO,SIM
2019-08-08,4104,0.009039,0.012183,0.098656,-0.156572,1.397869,0.138886,0.057909,0.6983,28.66,0.2434,9.99,0.3952,16.22,0.5596,44.0,MEDIA,1.3605,NORMAL,NAO,1.0071,NORMAL,NAO,1.3494,NORMAL,NAO,-0.3918,NORMAL,NAO,0.4901,-1.1542,-0.4858,,0,,NORMAL,,NAO
2019-08-13,7334,-0.157995,-0.002079,0.092186,-0.155,1.384645,0.29649,0.111452,0.8542,62.65,0.0984,7.22,0.3058,22.43,1.0,0.0,ALTA,0.1107,NORMAL,NAO,-0.0828,NORMAL,NAO,1.1777,NORMAL,NAO,-0.3652,NORMAL,NAO,0.4015,0.0429,-0.1102,,0,,NORMAL,NAO,SIM
2019-08-18,3901,0.11031,0.019487,0.090125,-0.101653,1.230491,-0.009001,0.151686,0.6611,25.79,0.2504,9.77,0.3738,14.58,0.5319,46.8,MEDIA,2.1182,ALERTA,NAO,1.5653,ATENCAO,NAO,1.123,NORMAL,NAO,0.5363,NORMAL,NAO,-0.6311,-2.2774,0.172,Expansão de vegetação flutuante,1,ndvi,NORMAL,,NAO
2019-08-28,1221,-0.017385,0.004936,0.040813,-0.135129,1.319103,0.148787,0.080801,0.8108,9.9,0.2039,2.49,0.1343,1.64,0.1665,83.4,BAIXA,1.1628,NORMAL,,0.4533,NORMAL,,-0.1856,NORMAL,,-0.0294,NORMAL,,-0.0375,-1.079,-0.3252,,0,,NORMAL,,NAO
2019-09-12,1216,0.069963,0.017716,0.086881,-0.123472,1.283697,0.053545,0.278037,0.824,10.02,0.2105,2.56,0.2377,2.89,0.1658,83.4,BAIXA,2.5562,ALERTA,,2.3661,ALERTA,,0.4061,NORMAL,,-0.1201,NORMAL,,0.0432,-3.1082,1.6249,Expansão de vegetação flutuante,2,ndvi;fai,NORMAL,,NAO
2019-09-17,7122,-0.182673,-0.003912,0.133282,-0.130582,1.310317,0.297214,0.114185,0.8523,60.7,0.1074,7.65,0.7735,55.09,0.9711,2.9,ALTA,-0.1575,NORMAL,NAO,-0.1541,NORMAL,NAO,1.7081,ATENCAO,NAO,-0.2417,NORMAL,NAO,0.2272,0.3685,0.1994,,0,,NORMAL,NAO,SIM
2019-09-22,2190,-0.083274,-0.000186,0.048945,0.019231,0.966826,0.06418,0.390083,0.7543,16.52,0.1689,3.7,0.1018,2.23,0.2986,70.1,BAIXA,0.9102,NORMAL,,0.2801,NORMAL,,-0.6583,NORMAL,,2.3202,ALERTA,,-2.147,-2.9565,2.5997,,1,ndti,NORMAL,,NAO
2019-09-27,7143,-0.393089,-0.03019,0.007673,0.016252,0.969059,0.379917,0.345284,0.946,67.57,0.0333,2.38,0.0398,2.84,0.974,2.6,ALTA,-2.4177,NORMAL,NAO,-3.2162,NORMAL,NAO,-1.8164,NORMAL,NAO,2.2693,ALERTA,NAO,-2.1316,1.5486,2.21,,1,ndti,NORMAL,NAO,SIM
2019-10-02,5849,-0.008213,0.004065,0.057751,-0.043424,1.091495,0.050627,0.095986,0.8343,48.8,0.0947,5.54,0.1147,6.71,0.7975,20.2,ALTA,1.4348,NORMAL,NAO,0.5117,NORMAL,NAO,0.3633,NORMAL,NAO,0.3438,NORMAL,NAO,-0.4304,-1.4309,0.5692,,0,,NORMAL,NAO,SIM
2019-10-12,7148,-0.3067,-0.008792,0.02655,-0.046432,1.101414,0.341889,-0.023025,0.8499,60.75,0.099,7.08,0.1781,12.73,0.9746,2.5,ALTA,0.0664,NORMAL,NAO,-0.1455,NORMAL,NAO,-0.4544,NORMAL,NAO,0.3048,NORMAL,NAO,-0.3737,-0.0985,0.2162,,0,,NORMAL,NAO,SIM
2019-10-22,1234,-0.139934,-0.002463,0.016182,-0.04764,1.104646,0.183315,0.098724,0.7464,9.21,0.1621,2.0,0.0843,1.04,0.1683,83.2,BAIXA,0.8309,NORMAL,,0.178,NORMAL,,-0.7261,NORMAL,,0.2892,NORMAL,,-0.3553,-0.8239,0.5773,,0,,NORMAL,,NAO
2019-11-16,1552,-0.181229,-0.006413,0.026191,-0.082092,1.18486,0.25462,-0.02268,0.8698,13.5,0.076,1.18,0.0902,1.4,0.2116,78.8,BAIXA,-0.4069,NORMAL,,-0.5579,NORMAL,,-1.2979,NORMAL,,0.2577,NORMAL,,-0.3778,0.331,-0.1228,,0,,NORMAL,,NAO
2019-11-21,237,0.172406,0.048712,0.086065,-0.052088,1.115066,-0.124599,-0.000773,0.2194,0.52,0.654,1.55,0.3755,0.89,0.0323,96.8,BAIXA,2.6102,ALERTA,,2.9179,ALERTA,,0.6923,NORMAL,,0.6506,NORMAL,,-0.8057,-3.3884,-0.0118,Expansão de vegetação flutuante,2,ndvi;fai,NORMAL,,NAO
2019-12-01,951,0.004404,0.015579,0.092147,-0.093367,1.217346,0.079252,-0.081374,0.6961,6.62,0.2313,2.2,0.3565,3.39,0.1297,87.0,BAIXA,1.1597,NORMAL,,1.4325,NORMAL,,-0.0012,NORMAL,,0.2604,NORMAL,,-0.3438,-1.2885,0.1185,,0,,NORMAL,,NAO
2019-12-06,1892,0.057983,0.021283,0.056483,-0.136541,1.326474,0.074772,0.163888,0.6485,12.27,0.3029,5.73,0.2135,4.04,0.258,74.2,BAIXA,1.3914,NORMAL,,1.9169,ATENCAO,,-0.5585,NORMAL,,-0.2487,NORMAL,,0.2201,-1.31,0.7839,,0,,NORMAL,,NAO
2019-12-11,3872,0.097947,0.029382,0.057266,-0.096268,1.21904,-0.004674,0.035977,0.4083,15.81,0.5085,19.69,0.2536,9.82,0.528,47.2,MEDIA,1.5641,ATENCAO,NAO,2.6046,ALERTA,NAO,-0.5463,NORMAL,NAO,0.2262,NORMAL,NAO,-0.3351,-1.6914,0.4369,Expansão de vegetação flutuante,1,fai,NORMAL,,NAO
2019-12-26,7215,-0.378281,-0.002481,0.03986,-0.137916,1.326142,0.465817,-0.21136,0.8488,61.24,0.1084,7.82,0.2366,17.07,0.9838,1.6,ALTA,-0.4946,NORMAL,NAO,-0.101,NORMAL,NAO,-0.8183,NORMAL,NAO,-0.2649,NORMAL,NAO,0.2184,0.567,-0.2341,,0,,NORMAL,NAO,SIM
2019-12-31,2030,0.199757,0.046232,0.069561,-0.079502,1.175377,-0.122474,0.091034,0.1601,3.25,0.6897,14.0,0.2409,4.89,0.2768,72.3,BAIXA,2.0042,ALERTA,,4.0353,ALERTA,,-0.3541,NORMAL,,0.4239,NORMAL,,-0.5607,-2.2568,0.5863,Expansão de vegetação flutuante,2,ndvi;fai,NORMAL,,NAO
2020-01-05,4880,0.112003,0.039292,0.097314,-0.096996,1.225121,-0.021142,0.102806,0.4902,23.92,0.4207,20.53,0.391,19.08,0.6654,33.5,MEDIA,2.9992,ALERTA,NAO,3.434,ALERTA,NAO,0.4918,NORMAL,NAO,0.5729,NORMAL,NAO,-0.5464,-2.583,1.0881,Expansão de vegetação flutuante,2,ndvi;fai,NORMAL,,NAO
2020-01-10,2653,0.245978,0.057722,0.08507,-0.069713,1.153071,-0.180029,0.13118,0.0083,0.22,0.9114,24.18,0.259,6.87,0.3617,63.8,MEDIA,4.4965,ALERTA,SIM,5.234,ALERTA,SIM,0.1568,NORMAL,NAO,1.2949,NORMAL,NAO,-1.2953,-4.0549,1.4831,Expansão de vegetação flutuante,2,ndvi;fai,NORMAL,,NAO
2020-01-15,4663,0.1464,0.062879,0.067088,-0.075517,1.173271,-0.07513,0.027119,0.2185,10.19,0.7549,35.2,0.2359,11.0,0.6358,36.4,MEDIA,3.3836,ALERTA,SIM,5.7376,ALERTA,SIM,-0.3352,NORMAL,NAO,1.1413,NORMAL,NAO,-1.0854,-3.0831,0.0342,Expansão de vegetação flutuante,2,ndvi;fai,NORMAL,,NAO
2020-01-25,1934,-0.022397,0.023959,0.070497,-0.065469,1.144593,0.081527,0.122095,0.5822,11.26,0.3542,6.85,0.2451,4.74,0.2637,73.6,BAIXA,1.4971,NORMAL,,1.9365,ATENCAO,,-0.2419,NORMAL,,1.4072,NORMAL,,-1.3834,-1.6319,1.3566,,0,,NORMAL,,NAO
2020-02-09,2108,0.234929,0.075894,0.099652,-0.082799,1.193922,-0.160152,0.10125,0.2206,4.65,0.7196,15.17,0.4701,9.91,0.2874,71.3,BAIXA,1.5553,ATENCAO,,0.9803,NORMAL,,0.0914,NORMAL,,1.3482,NORMAL,,-1.304,-1.5653,0.5996,,0,,NORMAL,,NAO
2020-02-14,7194,-0.111094,0.011183,0.116853,-0.141845,1.340049,0.230679,0.094604,0.7663,55.13,0.1774,12.76,0.3753,27.0,0.9809,1.9,ALTA,-0.0229,NORMAL,NAO,-0.1906,NORMAL,NAO,0.4995,NORMAL,NAO,-0.3006,NORMAL,NAO,0.3166,0.0685,0.5331,,0,,NORMAL,NAO,SIM
2020-02-19,7207,-0.187254,0.007322,0.158748,-0.152757,1.372409,0.306837,-0.130083,0.7945,57.26,0.145,10.45,0.6252,45.06,0.9827,1.7,ALTA,-0.3703,NORMAL,NAO,-0.2604,NORMAL,NAO,1.4935,NORMAL,NAO,-0.6053,NORMAL,NAO,0.6754,0.3868,-1.7158,,0,,NORMAL,NAO,SIM
2020-02-29,3386,-0.184194,-0.003292,0.082733,-0.025862,1.063221,0.206661,0.364551,0.7773,26.32,0.1926,6.52,0.3946,13.36,0.4617,53.8,MEDIA,-0.3563,NORMAL,NAO,-0.4525,NORMAL,NAO,-0.3101,NORMAL,NAO,2.9381,ALERTA,NAO,-2.7534,-0.0319,3.235,,1,ndti,NORMAL,,NAO
2020-03-05,2295,0.041648,0.025858,0.085301,-0.085947,1.19336,0.039731,0.183323,0.5098,11.7,0.4366,10.02,0.3656,8.39,0.3129,68.7,MEDIA,1.5525,ATENCAO,NAO,5.4085,ALERTA,NAO,-0.8223,NORMAL,NAO,2.3473,ALERTA,SIM,-2.1405,-1.9485,1.2448,Expansão de vegetação flutuante,2,fai;ndti,NORMAL,,NAO
2020-03-10,7201,-0.162014,0.000988,0.105592,-0.13694,1.320988,0.281027,0.095713,0.8464,60.95,0.1044,7.52,0.3833,27.6,0.9819,1.8,ALTA,-0.6464,NORMAL,NAO,-0.3709,NORMAL,NAO,-0.369,NORMAL,NAO,0.3844,NORMAL,NAO,-0.4082,0.4734,0.3894,,0,,NORMAL,NAO,SIM
2020-03-15,7180,-0.083412,0.005898,0.117798,-0.133705,1.313849,0.204679,0.111364,0.8178,58.72,0.1288,9.25,0.4499,32.3,0.979,2.1,ALTA,0.2022,NORMAL,NAO,0.7701,NORMAL,NAO,-0.0963,NORMAL,NAO,0.5089,NORMAL,NAO,-0.5051,-0.2929,0.5422,,0,,NORMAL,NAO,SIM
2020-03-20,1905,0.068152,0.025349,0.129845,-0.09483,1.220212,0.02187,0.179123,0.5879,11.2,0.3071,5.85,0.6877,13.1,0.2597,74.0,BAIXA,1.8386,ATENCAO,,5.2902,ALERTA,,0.1728,NORMAL,,2.0054,ALERTA,,-1.776,-2.1278,1.2038,Expansão de vegetação flutuante,2,fai;ndti,NORMAL,,NAO
2020-03-25,3315,-0.006839,0.023491,0.133909,-0.120483,1.284193,0.117056,0.121002,0.638,21.15,0.3264,10.82,0.7143,23.68,0.452,54.8,MEDIA,1.029,NORMAL,NAO,4.8585,ALERTA,NAO,0.2636,NORMAL,NAO,1.0179,NORMAL,NAO,-0.9076,-1.1724,0.6363,,1,fai,NORMAL,,NAO
2020-04-04,7159,-0.014339,0.015284,0.247913,-0.166796,1.417158,0.168274,0.191988,0.7719,55.26,0.1869,13.38,0.976,69.87,0.9761,2.4,ALTA,0.4152,NORMAL,NAO,0.4485,NORMAL,NAO,0.8446,NORMAL,NAO,-0.2953,NORMAL,NAO,0.1891,-0.4245,0.4552,,0,,NORMAL,NAO,SIM
2020-04-09,5787,0.012994,0.016938,0.284127,-0.212845,1.570369,0.187811,0.20487,0.7845,45.4,0.1918,11.1,0.9781,56.6,0.7891,21.1,ALTA,0.635,NORMAL,NAO,0.5606,NORMAL,NAO,1.1501,NORMAL,NAO,-0.8375,NORMAL,NAO,0.8091,-0.1258,0.5868,,0,,NORMAL,NAO,SIM
2020-04-24,5630,0.153097,0.037035,0.246818,-0.210439,1.611941,0.054139,0.1108,0.5178,29.15,0.5103,28.73,0.8721,49.1,0.7677,23.2,ALTA,1.7615,ATENCAO,NAO,1.922,ATENCAO,NAO,0.8354,NORMAL,NAO,-0.8092,NORMAL,NAO,0.9774,-2.1698,-0.3738,Expansão de vegetação flutuante,0,,NORMAL,NAO,SIM
2020-04-29,7334,0.056396,0.015843,0.368871,-0.283377,1.84904,0.21967,0.238426,0.8122,59.57,0.1835,13.46,0.994,72.9,1.0,0.0,ALTA,0.9839,NORMAL,NAO,0.4864,NORMAL,NAO,1.8649,ATENCAO,NAO,-1.6679,NORMAL,NAO,1.9369,0.3614,0.9294,,0,,NORMAL,NAO,SIM
2020-05-04,6338,0.131232,0.034078,0.236753,-0.17293,1.467399,0.036036,0.102699,0.5114,32.41,0.465,29.47,0.8796,55.75,0.8642,13.6,ALTA,1.8267,ATENCAO,NAO,1.8772,ATENCAO,NAO,2.6783,ALERTA,NAO,-0.9717,NORMAL,NAO,1.1897,-1.5944,-0.2658,Expansão de vegetação flutuante,1,ndci,VIGILANCIA,NAO,SIM
2020-05-14,1769,-0.147299,0.009515,0.247865,-0.213246,2.100875,0.27658,-0.481636,0.5478,9.69,0.1933,3.42,0.6201,10.97,0.2412,75.9,BAIXA,-0.0063,NORMAL,,0.4575,NORMAL,,2.8432,ALERTA,,-1.5296,NORMAL,,4.6872,0.3136,-4.5583,,1,ndci,NORMAL,,NAO
2020-05-19,7334,-0.133383,0.00519,0.068073,-0.10387,1.2431,0.223894,-0.009555,0.7794,57.16,0.1428,10.47,0.3042,22.31,1.0,0.0,ALTA,0.0853,NORMAL,NAO,0.2076,NORMAL,NAO,0.1753,NORMAL,NAO,-0.0161,NORMAL,NAO,-0.0486,-0.1043,-1.0904,,0,,NORMAL,NAO,SIM
2020-05-29,7334,-0.259031,-0.00459,0.008951,-0.091926,1.20834,0.332537,0.1671,0.8324,61.05,0.1286,9.43,0.1834,13.45,1.0,0.0,ALTA,-0.7416,NORMAL,NAO,-0.3577,NORMAL,NAO,-0.702,NORMAL,NAO,0.1492,NORMAL,NAO,-0.2406,0.7575,0.2072,,0,,NORMAL,NAO,SIM
2020-06-08,7334,-0.352346,-0.018135,0.043297,-0.068205,1.149669,0.406259,0.254801,0.9095,66.7,0.069,5.06,0.128,9.39,1.0,0.0,ALTA,-0.8908,NORMAL,NAO,-0.8545,NORMAL,NAO,0.5086,NORMAL,NAO,0.1361,NORMAL,NAO,-0.2082,0.801,0.525,,0,,NORMAL,NAO,SIM
2020-06-23,7334,-0.328632,-0.015966,0.012249,-0.048192,1.102786,0.36862,0.258287,0.9138,67.02,0.0607,4.45,0.0949,6.96,1.0,0.0,ALTA,-0.7442,NORMAL,NAO,-0.7346,NORMAL,NAO,-0.1061,NORMAL,NAO,0.4639,NORMAL,NAO,-0.5253,0.5746,0.5528,,0,,NORMAL,NAO,SIM
2020-07-03,3700,-0.126603,0.015033,0.040228,-0.077466,1.177295,0.18579,0.016395,0.6362,23.54,0.2905,10.75,0.2224,8.23,0.5045,49.6,MEDIA,-0.0206,NORMAL,NAO,0.2272,NORMAL,NAO,-0.0596,NORMAL,NAO,0.4127,NORMAL,NAO,-0.4592,-0.1316,-1.0017,,0,,NORMAL,,NAO
2020-07-13,7334,-0.266146,-0.006782,0.058778,-0.138191,1.324089,0.380804,0.199967,0.8972,65.8,0.0729,5.35,0.2431,17.83,1.0,0.0,ALTA,-0.8468,NORMAL,NAO,-0.7595,NORMAL,NAO,0.3365,NORMAL,NAO,-0.5808,NORMAL,NAO,0.5246,0.8798,0.9118,,0,,NORMAL,NAO,SIM
2020-07-18,7334,-0.223769,-0.007829,0.049629,-0.129596,1.301386,0.337228,0.220644,0.9016,66.12,0.0762,5.59,0.2702,19.82,1.0,0.0,ALTA,-0.5959,NORMAL,NAO,-0.8068,NORMAL,NAO,0.1411,NORMAL,NAO,-0.4402,NORMAL,NAO,0.3725,0.6538,1.1274,,0,,NORMAL,NAO,SIM
2020-07-23,7334,-0.230505,-0.004053,0.045733,-0.128605,1.299764,0.339505,0.188937,0.8771,64.33,0.0909,6.67,0.2694,19.76,1.0,0.0,ALTA,-0.6358,NORMAL,NAO,-0.6361,NORMAL,NAO,0.058,NORMAL,NAO,-0.424,NORMAL,NAO,0.3616,0.6656,0.7969,,0,,NORMAL,NAO,SIM
2020-07-28,7334,-0.110722,0.000201,0.050806,-0.136961,1.321928,0.237044,0.148733,0.8646,63.41,0.0926,6.79,0.2636,19.33,1.0,0.0,ALTA,0.0734,NORMAL,NAO,-0.4436,NORMAL,NAO,0.1663,NORMAL,NAO,-0.5607,NORMAL,NAO,0.5101,0.1343,0.3778,,0,,NORMAL,NAO,SIM
2020-08-02,7334,-0.264419,-0.003759,0.014283,-0.156677,1.375304,0.390428,0.194371,0.8796,64.51,0.0941,6.9,0.1729,12.68,1.0,0.0,ALTA,-0.6856,NORMAL,NAO,-0.2112,NORMAL,NAO,-0.8896,NORMAL,NAO,-0.3936,NORMAL,NAO,0.339,0.7563,0.4713,,0,,NORMAL,NAO,SIM
2020-08-12,923,0.100757,0.021003,0.069106,-0.145896,1.343287,0.0414,0.209903,0.7346,6.78,0.2535,2.34,0.2947,2.72,0.1259,87.4,BAIXA,2.0467,ALERTA,,1.6811,ATENCAO,,0.5652,NORMAL,,-0.2114,NORMAL,,0.1245,-1.8946,0.5803,Expansão de vegetação flutuante,1,ndvi,NORMAL,,NAO
2020-08-22,7334,-0.413258,-0.024562,-0.027008,-0.007958,1.019388,0.420497,0.389615,0.9228,67.68,0.0554,4.06,0.0499,3.66,1.0,0.0,ALTA,-1.7992,NORMAL,NAO,-1.8009,NORMAL,NAO,-1.9854,NORMAL,NAO,2.1197,ALERTA,NAO,-2.0453,0.9847,1.8408,,1,ndti,NORMAL,NAO,SIM
2020-08-27,4837,-0.268665,-0.007125,-0.02127,-0.100737,1.226795,0.349777,0.216997,0.8303,40.16,0.1478,7.15,0.1123,5.43,0.6595,34.0,MEDIA,-0.7173,NORMAL,NAO,-0.4684,NORMAL,NAO,-1.8331,NORMAL,NAO,0.5518,NORMAL,NAO,-0.6559,0.4476,0.63,,0,,NORMAL,,NAO
2020-09-06,7093,-0.30794,-0.006,0.045897,-0.145713,1.344966,0.418859,-0.187627,0.8785,62.31,0.0888,6.3,0.2015,14.29,0.9671,3.3,ALTA,-1.5031,NORMAL,NAO,-0.3974,NORMAL,NAO,-0.7439,NORMAL,NAO,-0.5004,NORMAL,NAO,0.4667,2.1042,-2.4264,,0,,NORMAL,NAO,SIM
2020-09-11,6965,-0.120889,0.001093,0.071402,-0.135967,1.317721,0.244155,0.036232,0.8544,59.51,0.0988,6.88,0.2294,15.98,0.9497,5.0,ALTA,0.5061,NORMAL,NAO,0.4291,NORMAL,NAO,-0.0282,NORMAL,NAO,-0.3338,NORMAL,NAO,0.2784,-0.3885,-0.4788,,0,,NORMAL,NAO,SIM
2020-09-16,2444,-0.018212,0.000792,0.073289,-0.084185,1.18706,0.100081,-0.090461,0.8191,20.02,0.0863,2.11,0.2246,5.49,0.3332,66.7,MEDIA,1.609,ATENCAO,NAO,0.394,NORMAL,NAO,0.0247,NORMAL,NAO,0.5517,NORMAL,NAO,-0.6247,-2.4442,-1.5811,,0,,NORMAL,,NAO
2020-09-26,7135,-0.18458,0.001983,0.078061,-0.152121,1.36271,0.312302,-0.031201,0.8531,60.87,0.1068,7.62,0.3336,23.8,0.9729,2.7,ALTA,-0.178,NORMAL,NAO,0.5328,NORMAL,NAO,0.1586,NORMAL,NAO,-0.61,NORMAL,NAO,0.5894,0.5838,-1.0655,,0,,NORMAL,NAO,SIM
2020-10-01,7131,-0.630227,-0.006954,0.04851,-0.139936,1.330178,0.67571,-0.65434,0.8758,62.45,0.0917,6.54,0.2432,17.34,0.9723,2.8,ALTA,-1.4167,NORMAL,NAO,-0.0515,NORMAL,NAO,0.1211,NORMAL,NAO,-0.9069,NORMAL,NAO,0.9333,1.4286,-1.6564,,0,,NORMAL,NAO,SIM
2020-10-06,7122,-0.610646,-0.005184,0.079377,-0.143261,1.34021,0.659224,-0.586823,0.8693,61.91,0.1042,7.42,0.3391,24.15,0.9711,2.9,ALTA,-1.327,NORMAL,NAO,0.039,NORMAL,NAO,0.9301,NORMAL,NAO,-0.9499,NORMAL,NAO,0.9906,1.3532,-1.4561,,0,,NORMAL,NAO,SIM
2020-10-11,4991,-0.032619,0.009632,0.061026,-0.130567,1.308698,0.152829,0.007255,0.7273,36.3,0.1946,9.71,0.2561,12.78,0.6805,31.9,MEDIA,1.3229,NORMAL,NAO,0.7963,NORMAL,NAO,0.4491,NORMAL,NAO,-0.7854,NORMAL,NAO,0.8105,-0.9634,0.306,,0,,NORMAL,,NAO
2020-10-21,7181,-0.214389,0.005273,0.111735,-0.163079,1.395513,0.341515,-0.198786,0.8328,59.8,0.1196,8.59,0.4334,31.12,0.9791,2.1,ALTA,0.4896,NORMAL,NAO,0.5735,NORMAL,NAO,1.7781,ATENCAO,NAO,-1.2067,NORMAL,NAO,1.3065,-0.1002,-0.3051,,0,,NORMAL,NAO,SIM
2020-11-05,6858,-0.021837,0.012992,0.126661,-0.111411,1.258431,0.123028,-0.028454,0.7499,51.43,0.1603,10.99,0.4701,32.24,0.9351,6.5,ALTA,0.953,NORMAL,NAO,0.6657,NORMAL,NAO,2.0417,ALERTA,NAO,-0.1262,NORMAL,NAO,0.0731,-0.9597,-0.1521,,1,ndci,VIGILANCIA,NAO,SIM
2020-11-25,7195,-0.105213,0.006352,0.092361,-0.124694,1.293887,0.215632,-0.105308,0.8007,57.61,0.135,9.71,0.3261,23.46,0.981,1.9,ALTA,0.2417,NORMAL,NAO,0.247,NORMAL,NAO,0.9016,NORMAL,NAO,-0.3001,NORMAL,NAO,0.2905,-0.0514,-0.5414,,0,,NORMAL,NAO,SIM
2020-12-10,3505,-0.211152,-0.012705,0.024489,-0.047514,1.101284,0.252738,0.151095,0.8049,28.21,0.1635,5.73,0.079,2.77,0.4779,52.2,MEDIA,0.2279,NORMAL,NAO,-0.9691,NORMAL,NAO,-1.0584,NORMAL,NAO,0.8012,NORMAL,NAO,-0.9435,-0.4558,0.7492,,0,,NORMAL,,NAO
2020-12-30,7192,-0.336078,-0.009875,0.068739,-0.093481,1.209591,0.406917,0.063924,0.8796,63.26,0.0976,7.02,0.2193,15.77,0.9806,1.9,ALTA,-0.3122,NORMAL,NAO,-0.7288,NORMAL,NAO,-0.367,NORMAL,NAO,0.2591,NORMAL,NAO,-0.3839,0.2843,0.5127,,0,,NORMAL,NAO,SIM
2021-01-04,6681,-0.192533,0.000495,0.048418,-0.095978,1.216749,0.273513,0.013586,0.8132,54.33,0.138,9.22,0.232,15.5,0.911,8.9,ALTA,-0.4044,NORMAL,NAO,-0.3551,NORMAL,NAO,-0.846,NORMAL,NAO,0.5999,NORMAL,NAO,-0.6334,0.1466,-0.1543,,0,,NORMAL,NAO,SIM
2021-01-09,1974,0.019072,0.045314,0.070678,-0.077896,1.17259,0.045985,-0.081985,0.3891,7.68,0.58,11.45,0.3171,6.26,0.2692,73.1,BAIXA,1.9605,ATENCAO,,4.0221,ALERTA,,-0.237,NORMAL,,1.0784,NORMAL,,-1.0924,-1.9611,-1.485,Expansão de vegetação flutuante,1,fai,NORMAL,,NAO
2021-02-03,1501,0.119961,0.03874,0.080297,-0.084573,1.192531,-0.040712,0.038395,0.3165,4.75,0.5929,8.9,0.3351,5.03,0.2047,79.5,BAIXA,1.031,NORMAL,,0.308,NORMAL,,-0.3679,NORMAL,,1.2987,NORMAL,,-1.3194,-1.066,-0.0295,,0,,NORMAL,,NAO
2021-02-08,845,0.106983,0.031943,0.050178,-0.087798,1.199035,-0.02294,0.07283,0.4024,3.4,0.4876,4.12,0.2071,1.75,0.1152,88.5,BAIXA,0.9718,NORMAL,,0.185,NORMAL,,-1.0825,NORMAL,,1.2086,NORMAL,,-1.2472,-0.9917,0.3151,,0,,NORMAL,,NAO
2021-02-18,7199,-0.309218,-0.000997,0.045761,-0.160361,1.387859,0.424701,-0.101935,0.8596,61.88,0.0979,7.05,0.2193,15.79,0.9816,1.8,ALTA,-0.9265,NORMAL,NAO,-0.411,NORMAL,NAO,-1.1873,NORMAL,NAO,-0.8176,NORMAL,NAO,0.8468,0.8795,-1.4341,,0,,NORMAL,NAO,SIM
2021-02-23,7178,-0.052672,0.005137,0.075973,-0.14397,1.340291,0.185275,0.018462,0.8298,59.56,0.1053,7.56,0.2607,18.71,0.9787,2.1,ALTA,0.2436,NORMAL,NAO,-0.3,NORMAL,NAO,-0.4705,NORMAL,NAO,-0.3599,NORMAL,NAO,0.3193,-0.1213,-0.229,,0,,NORMAL,NAO,SIM
2021-03-10,1602,-0.131359,0.001808,0.048259,-0.061427,1.133758,0.185408,0.084355,0.6679,10.7,0.2722,4.36,0.1885,3.02,0.2184,78.2,BAIXA,-0.3154,NORMAL,,-0.1804,NORMAL,,-1.6498,NORMAL,,3.2912,ALERTA,,-2.9495,-0.4863,0.2785,,1,ndti,NORMAL,,NAO
2021-03-15,5138,-0.011563,0.01071,0.079136,-0.117079,1.271474,0.121641,0.042143,0.6983,35.88,0.2211,11.36,0.3112,15.99,0.7006,29.9,ALTA,0.978,NORMAL,NAO,1.8883,ATENCAO,NAO,-0.96,NORMAL,NAO,1.1489,NORMAL,NAO,-1.0802,-1.1264,-0.1336,,0,,NORMAL,NAO,SIM
2021-03-20,7198,-0.218701,0.001168,0.117229,-0.19177,1.481234,0.37092,-0.181157,0.8544,61.5,0.0978,7.04,0.4503,32.41,0.9815,1.9,ALTA,-1.2585,NORMAL,NAO,-0.3291,NORMAL,NAO,-0.109,NORMAL,NAO,-1.7262,NORMAL,NAO,1.7668,1.3757,-2.3137,,0,,NORMAL,NAO,SIM
2021-03-25,1001,0.098609,0.027057,0.058298,-0.081655,1.180455,-0.018868,0.075289,0.2867,2.87,0.6264,6.27,0.1608,1.61,0.1365,86.4,BAIXA,2.1675,ALERTA,,5.6871,ALERTA,,-1.4255,NORMAL,,2.5125,ALERTA,,-2.3156,-2.5367,0.19,Expansão de vegetação flutuante,3,ndvi;fai;ndti,NORMAL,,NAO
2021-04-09,7199,-0.115177,0.004034,0.05812,-0.079531,1.177526,0.18585,0.086849,0.7458,53.69,0.1735,12.49,0.227,16.34,0.9816,1.8,ALTA,-0.3956,NORMAL,NAO,-0.3136,NORMAL,NAO,-0.7563,NORMAL,NAO,0.7321,NORMAL,NAO,-0.7807,-0.1557,-0.6183,,0,,NORMAL,NAO,SIM
2021-04-19,2549,0.166725,0.038541,0.08293,-0.081176,1.185882,-0.089247,0.035916,0.244,6.22,0.6426,16.38,0.3664,9.34,0.3476,65.2,MEDIA,1.871,ATENCAO,NAO,2.024,ALERTA,NAO,-0.547,NORMAL,NAO,0.7127,NORMAL,NAO,-0.7469,-4.3623,-1.1384,Expansão de vegetação flutuante,1,fai,NORMAL,,NAO
2021-04-29,4066,0.001351,0.032158,0.069962,-0.104136,1.2564,0.090518,-0.029261,0.5539,22.52,0.3839,15.61,0.3148,12.8,0.5544,44.6,MEDIA,0.5414,NORMAL,NAO,1.5916,ATENCAO,NAO,-0.6564,NORMAL,NAO,0.4424,NORMAL,NAO,-0.4615,-1.6135,-1.8039,,0,,NORMAL,,NAO
2021-05-14,468,0.279667,0.046318,0.089271,-0.027826,1.058324,-0.254017,0.181822,0.0,0.0,0.9829,4.6,0.3547,1.66,0.0638,93.6,BAIXA,2.8036,ALERTA,,2.5846,ALERTA,,0.4899,NORMAL,,1.0362,NORMAL,,-1.0688,-3.8951,0.3154,Expansão de vegetação flutuante,2,ndvi;fai,NORMAL,,NAO
2021-05-19,7320,-0.209062,0.001474,0.055995,-0.153691,1.376147,0.334132,0.108725,0.8322,60.92,0.1205,8.82,0.2481,18.16,0.9981,0.2,ALTA,-0.4127,NORMAL,NAO,-0.0072,NORMAL,NAO,-0.0039,NORMAL,NAO,-0.7055,NORMAL,NAO,0.6859,0.7701,-0.2216,,0,,NORMAL,NAO,SIM
2021-05-24,7334,-0.288037,-0.006964,0.041287,-0.089107,1.201055,0.35978,0.168148,0.8748,64.16,0.0824,6.04,0.1838,13.48,1.0,0.0,ALTA,-0.9325,NORMAL,NAO,-0.4949,NORMAL,NAO,-0.2221,NORMAL,NAO,0.1882,NORMAL,NAO,-0.2808,0.9735,0.2149,,0,,NORMAL,NAO,SIM
2021-05-29,924,0.115775,0.02726,0.060258,-0.08279,1.205926,-0.035442,0.068495,0.369,3.41,0.5195,4.8,0.2348,2.17,0.126,87.4,BAIXA,1.725,ATENCAO,,1.4831,NORMAL,,0.0594,NORMAL,,0.2756,NORMAL,,-0.2539,-2.1613,-0.5171,,0,,NORMAL,,NAO
2021-06-13,7334,-0.169123,0.002063,0.088453,-0.128366,1.303273,0.279345,0.090008,0.8369,61.38,0.0991,7.27,0.3248,23.82,1.0,0.0,ALTA,0.2424,NORMAL,NAO,0.2614,NORMAL,NAO,1.4027,NORMAL,NAO,-0.8495,NORMAL,NAO,0.8306,0.0377,-0.7895,,0,,NORMAL,NAO,SIM
2021-07-13,7334,-0.227708,-0.005039,0.050926,-0.134996,1.322177,0.341199,0.06183,0.8619,63.21,0.0968,7.1,0.2314,16.97,1.0,0.0,ALTA,-0.6192,NORMAL,NAO,-0.6807,NORMAL,NAO,0.1688,NORMAL,NAO,-0.5285,NORMAL,NAO,0.5118,0.6744,-0.5281,,0,,NORMAL,NAO,SIM
2021-07-18,7322,-0.309984,-0.004133,0.030967,-0.125178,1.296867,0.402898,0.162572,0.8526,62.43,0.1072,7.85,0.1963,14.37,0.9984,0.2,ALTA,-1.1064,NORMAL,NAO,-0.6397,NORMAL,NAO,-0.2573,NORMAL,NAO,-0.3679,NORMAL,NAO,0.3422,0.9944,0.5221,,0,,NORMAL,NAO,SIM
2021-07-23,7250,0.05272,0.047318,0.021822,0.011427,0.977444,-0.064107,0.026165,0.0,0.0,0.9994,72.46,0.0006,0.04,0.9885,1.1,ALTA,1.0412,NORMAL,NAO,1.6875,ATENCAO,NAO,-0.4526,NORMAL,NAO,1.867,ATENCAO,NAO,-1.7985,-1.4276,-0.8998,,0,,NORMAL,NAO,SIM
2021-07-28,7334,-0.263293,-0.000715,0.043308,-0.120847,1.295783,0.356312,0.093223,0.8236,60.4,0.1308,9.59,0.2358,17.29,1.0,0.0,ALTA,-0.8299,NORMAL,NAO,-0.4851,NORMAL,NAO,0.0062,NORMAL,NAO,-0.297,NORMAL,NAO,0.3349,0.7528,-0.2008,,0,,NORMAL,NAO,SIM
2021-08-17,7334,-0.24821,-0.00583,0.06585,-0.151654,1.371712,0.375242,0.000344,0.8928,65.48,0.0608,4.46,0.2542,18.64,1.0,0.0,ALTA,-0.5643,NORMAL,NAO,-0.3694,NORMAL,NAO,0.4788,NORMAL,NAO,-0.3087,NORMAL,NAO,0.3149,0.641,-0.8895,,0,,NORMAL,NAO,SIM
2021-08-22,7334,-0.386199,-0.01023,0.073726,-0.127423,1.30243,0.475527,-0.230741,0.9031,66.23,0.0496,3.64,0.2848,20.89,1.0,0.0,ALTA,-1.5967,NORMAL,NAO,-0.7057,NORMAL,NAO,0.6878,NORMAL,NAO,0.1008,NORMAL,NAO,-0.1492,1.4027,-2.5104,,0,,NORMAL,NAO,SIM
2021-09-01,628,0.091945,0.067698,0.033988,-0.017042,1.036545,-0.074979,0.051711,0.0828,0.52,0.8933,5.61,0.035,0.22,0.0856,91.4,BAIXA,2.7923,ALERTA,,8.1904,ALERTA,,-1.078,NORMAL,,1.6999,ATENCAO,,-1.6651,-4.942,-0.3442,Expansão de vegetação flutuante,2,ndvi;fai,NORMAL,,NAO
2021-09-06,619,0.076304,0.013896,0.045765,-0.095616,1.215881,0.018857,0.045176,0.5234,3.24,0.3069,1.9,0.2084,1.29,0.0844,91.6,BAIXA,2.6243,ALERTA,,1.921,ATENCAO,,-0.7476,NORMAL,,0.3563,NORMAL,,-0.4255,-3.6031,-0.401,Expansão de vegetação flutuante,1,ndvi,NORMAL,,NAO
2021-09-26,6170,-0.256024,-0.008357,0.083049,-0.102865,1.232609,0.34274,0.065629,0.8869,54.72,0.0765,4.72,0.2801,17.28,0.8413,15.9,ALTA,-0.9454,NORMAL,NAO,-0.6721,NORMAL,NAO,0.2986,NORMAL,NAO,0.2323,NORMAL,NAO,-0.3099,1.0181,-0.2231,,0,,NORMAL,NAO,SIM
2021-10-21,988,-0.05609,0.001365,0.023378,-0.031972,1.068971,0.087185,0.03622,0.6316,6.24,0.2682,2.65,0.1377,1.36,0.1347,86.5,BAIXA,1.2153,NORMAL,,0.3737,NORMAL,,-0.5375,NORMAL,,0.4922,NORMAL,,-0.5591,-1.2637,0.3919,,0,,NORMAL,,NAO
2021-10-26,7148,-0.303899,-0.009851,0.040569,-0.108224,1.245435,0.391695,0.113248,0.9065,64.8,0.0694,4.96,0.1575,11.26,0.9746,2.5,ALTA,0.0793,NORMAL,NAO,-0.1996,NORMAL,NAO,-0.087,NORMAL,NAO,-0.4959,NORMAL,NAO,0.4491,0.1294,0.6204,,0,,NORMAL,NAO,SIM
2021-11-15,7180,-0.104859,0.004746,0.04729,-0.077604,1.175673,0.175082,-0.054383,0.7958,57.14,0.1327,9.53,0.2415,17.34,0.979,2.1,ALTA,0.2447,NORMAL,NAO,0.1457,NORMAL,NAO,-0.5966,NORMAL,NAO,0.3165,NORMAL,NAO,-0.4342,-0.4491,-0.2834,,0,,NORMAL,NAO,SIM
2021-11-25,6309,-0.030915,0.004163,0.042849,-0.107579,1.243328,0.134168,0.082629,0.793,50.03,0.1472,9.29,0.1518,9.58,0.8602,14.0,ALTA,0.8755,NORMAL,NAO,0.109,NORMAL,NAO,-0.7442,NORMAL,NAO,-0.076,NORMAL,NAO,-0.0194,-0.8504,0.4107,,0,,NORMAL,NAO,SIM
2021-11-30,7189,-0.155525,0.000407,0.086991,-0.126901,1.296327,0.26465,-0.096459,0.8566,61.58,0.0913,6.56,0.3066,22.04,0.9802,2.0,ALTA,-0.1876,NORMAL,NAO,-0.1278,NORMAL,NAO,0.7231,NORMAL,NAO,-0.329,NORMAL,NAO,0.3054,0.4293,-0.4966,,0,,NORMAL,NAO,SIM
2021-12-10,6515,-0.289284,-3.3e-05,0.071565,-0.135788,1.32204,0.386201,-0.29076,0.8436,54.96,0.0936,6.1,0.3054,19.9,0.8883,11.2,ALTA,-0.1099,NORMAL,NAO,0.1069,NORMAL,NAO,-0.3228,NORMAL,NAO,-0.2398,NORMAL,NAO,0.1972,0.1848,-0.4495,,0,,NORMAL,NAO,SIM
2021-12-15,80,0.009433,0.006209,0.026583,-0.090104,1.198802,0.080701,0.111546,1.0,0.8,0.025,0.02,0.0125,0.01,0.0109,98.9,BAIXA,1.1815,NORMAL,,0.6369,NORMAL,,-1.0257,NORMAL,,0.2989,NORMAL,,-0.4396,-1.2816,0.6419,,0,,NORMAL,,NAO
2021-12-20,6022,-0.062148,0.011159,0.109255,-0.111737,1.260697,0.1639,-0.056628,0.7348,44.25,0.1764,10.62,0.4361,26.26,0.8211,17.9,ALTA,0.872,NORMAL,NAO,1.0572,NORMAL,NAO,0.2661,NORMAL,NAO,0.0438,NORMAL,NAO,-0.1198,-0.8822,0.1857,,0,,NORMAL,NAO,SIM
2021-12-25,7223,-0.204357,0.00321,0.106388,-0.136076,1.323103,0.312988,-0.14248,0.8231,59.45,0.1069,7.72,0.4095,29.58,0.9849,1.5,ALTA,0.2572,NORMAL,NAO,0.3823,NORMAL,NAO,0.2213,NORMAL,NAO,-0.2432,NORMAL,NAO,0.2026,-0.1666,-0.0472,,0,,NORMAL,NAO,SIM
2022-01-19,7217,-0.142701,-0.001402,0.134771,-0.160137,1.393513,0.286917,0.064338,0.8704,62.82,0.0733,5.29,0.6436,46.45,0.984,1.6,ALTA,0.1525,NORMAL,NAO,-0.5403,NORMAL,NAO,1.5167,ATENCAO,NAO,-1.0979,NORMAL,NAO,1.2038,0.2708,0.5524,,0,,NORMAL,NAO,SIM
2022-01-24,719,0.095197,0.019399,0.184585,-0.105145,1.239712,-0.000509,0.022113,0.6106,4.39,0.2601,1.87,0.8581,6.17,0.098,90.2,BAIXA,2.8113,ALERTA,,1.4912,NORMAL,,2.8796,ALERTA,,0.3573,NORMAL,,-0.3948,-2.3918,-0.0355,,2,ndvi;ndci,NORMAL,,NAO
2022-02-03,779,0.109976,0.050835,0.059713,-0.084598,1.186699,-0.027727,0.161171,0.3427,2.67,0.6739,5.25,0.1926,1.5,0.1062,89.4,BAIXA,0.9854,NORMAL,,0.5269,NORMAL,,-0.8562,NORMAL,,1.298,NORMAL,,-1.3841,-1.0117,1.1993,,0,,NORMAL,,NAO
2022-02-13,7174,-0.099063,0.002833,0.11732,-0.138872,1.326424,0.2257,0.117943,0.8451,60.63,0.097,6.96,0.4665,33.47,0.9782,2.2,ALTA,0.032,NORMAL,NAO,-0.3417,NORMAL,NAO,0.5106,NORMAL,NAO,-0.2176,NORMAL,NAO,0.1655,0.0476,0.7667,,0,,NORMAL,NAO,SIM
2022-02-18,5128,-0.113882,0.00425,0.131561,-0.085976,1.193305,0.191128,0.062247,0.7921,40.62,0.1279,6.56,0.545,27.95,0.6992,30.1,MEDIA,-0.0356,NORMAL,NAO,-0.316,NORMAL,NAO,0.8485,NORMAL,NAO,1.2595,NORMAL,NAO,-1.3108,-0.0969,0.2092,,0,,NORMAL,,NAO
2022-02-23,4659,-0.00975,0.017077,0.102898,-0.113517,1.265126,0.114489,0.055512,0.6076,28.31,0.2923,13.62,0.4314,20.1,0.6353,36.5,MEDIA,0.4393,NORMAL,NAO,-0.0839,NORMAL,NAO,0.1684,NORMAL,NAO,0.4904,NORMAL,NAO,-0.5143,-0.4172,0.1418,,0,,NORMAL,,NAO
2022-03-05,6516,-0.134815,0.001063,0.140027,-0.138766,1.328068,0.257429,0.150055,0.7948,51.79,0.1611,10.5,0.6351,41.38,0.8885,11.2,ALTA,-0.3528,NORMAL,NAO,-0.3535,NORMAL,NAO,0.4003,NORMAL,NAO,0.3141,NORMAL,NAO,-0.3121,0.2366,0.92,,0,,NORMAL,NAO,SIM
2022-03-15,2313,0.05275,0.016458,0.105472,-0.12538,1.296178,0.070234,0.169694,0.601,13.9,0.3351,7.75,0.5383,12.45,0.3154,68.5,MEDIA,1.6723,ATENCAO,NAO,3.2241,ALERTA,NAO,-0.3717,NORMAL,NAO,0.8294,NORMAL,NAO,-0.7449,-1.6423,1.1117,Expansão de vegetação flutuante,1,fai,NORMAL,,NAO
2022-04-09,145,0.105542,0.022328,0.046759,-0.092047,1.206421,-0.013937,0.042621,0.3931,0.57,0.4759,0.69,0.2483,0.36,0.0198,98.0,BAIXA,1.3791,NORMAL,,0.9257,NORMAL,,-0.8521,NORMAL,,0.5847,NORMAL,,-0.6637,-3.2108,-1.0699,,0,,NORMAL,,NAO
2022-04-14,460,0.135076,0.03246,0.039143,-0.075289,1.16635,-0.060869,0.08464,0.1761,0.81,0.6478,2.98,0.1043,0.48,0.0627,93.7,BAIXA,1.6166,ATENCAO,,1.6121,ATENCAO,,-0.9164,NORMAL,,0.782,NORMAL,,-0.8259,-3.9284,-0.6409,Expansão de vegetação flutuante,0,,NORMAL,,NAO
2022-04-24,690,0.029102,0.050968,0.020862,-0.006857,1.01383,-0.02225,0.097169,0.0,0.0,1.0,6.9,0.0,0.0,0.0941,90.6,BAIXA,0.7645,NORMAL,,2.8658,ALERTA,,-1.0706,NORMAL,,1.5877,ATENCAO,,-1.4431,-3.3379,-0.5129,,1,fai,NORMAL,,NAO
2022-05-19,6051,-0.152896,-0.000439,0.001279,-0.093276,1.210727,0.235264,0.114175,0.7929,47.98,0.1287,7.79,0.1562,9.45,0.8251,17.5,ALTA,-0.0431,NORMAL,NAO,-0.1178,NORMAL,NAO,-0.8158,NORMAL,NAO,0.1305,NORMAL,NAO,-0.2274,-0.0141,-0.1815,,0,,NORMAL,NAO,SIM
2022-05-24,7334,-0.061291,0.003506,0.062994,-0.186957,1.472637,0.235086,0.090295,0.853,62.56,0.0892,6.54,0.2617,19.19,1.0,0.0,ALTA,0.5597,NORMAL,NAO,0.1102,NORMAL,NAO,0.1,NORMAL,NAO,-1.1658,NORMAL,NAO,1.2186,-0.0155,-0.3569,,0,,NORMAL,NAO,SIM
2022-06-13,7334,-0.413035,-0.020596,-0.074394,-0.069592,1.152416,0.464848,0.330189,0.9264,67.94,0.0545,4.0,0.0454,3.33,1.0,0.0,ALTA,-1.2662,NORMAL,NAO,-0.9904,NORMAL,NAO,-1.8215,NORMAL,NAO,0.1134,NORMAL,NAO,-0.1896,1.1533,1.1263,,0,,NORMAL,NAO,SIM
2022-06-18,6929,-0.307888,-0.009527,-0.045303,-0.140462,1.331795,0.42012,0.264384,0.9105,63.09,0.0661,4.58,0.0886,6.14,0.9448,5.5,ALTA,-0.6159,NORMAL,NAO,-0.3789,NORMAL,NAO,-1.2455,NORMAL,NAO,-1.0476,NORMAL,NAO,1.0235,0.8843,0.6014,,0,,NORMAL,NAO,SIM
2022-07-03,7334,0.017762,0.005553,0.118499,-0.192628,1.487418,0.16948,0.138356,0.8458,62.03,0.09,6.6,0.484,35.5,1.0,0.0,ALTA,0.8342,NORMAL,NAO,-0.2016,NORMAL,NAO,1.6117,ATENCAO,NAO,-1.4714,NORMAL,NAO,1.6192,-0.2161,0.2696,,0,,NORMAL,NAO,SIM
2022-07-23,7334,-0.000206,0.004662,0.102789,-0.193119,1.487527,0.186157,0.127722,0.8472,62.13,0.084,6.16,0.3488,25.58,1.0,0.0,ALTA,0.7278,NORMAL,NAO,-0.2419,NORMAL,NAO,1.2762,NORMAL,NAO,-1.4794,NORMAL,NAO,1.62,-0.1297,0.1588,,0,,NORMAL,NAO,SIM
2022-07-28,931,0.183527,0.015362,0.062631,-0.125124,1.289311,-0.060181,0.053139,0.3319,3.09,0.1429,1.33,0.2116,1.97,0.1269,87.3,BAIXA,1.8157,ATENCAO,,0.2421,NORMAL,,0.4188,NORMAL,,-0.367,NORMAL,,0.2916,-1.4072,-0.6186,,0,,NORMAL,,NAO
2022-08-02,7334,-0.09197,0.002235,0.091158,-0.196698,1.501753,0.272336,0.115254,0.8605,63.11,0.0845,6.2,0.3214,23.57,1.0,0.0,ALTA,0.6047,NORMAL,NAO,0.2469,NORMAL,NAO,1.1504,NORMAL,NAO,-1.0699,NORMAL,NAO,1.186,-0.1406,-0.0836,,0,,NORMAL,NAO,SIM
2022-08-27,7153,-0.266059,-0.008289,0.048094,-0.172929,1.422428,0.410546,0.059053,0.9207,65.86,0.0523,3.74,0.1668,11.93,0.9753,2.5,ALTA,-0.6978,NORMAL,NAO,-0.5573,NORMAL,NAO,0.0076,NORMAL,NAO,-0.6682,NORMAL,NAO,0.6546,0.9091,-0.4778,,0,,NORMAL,NAO,SIM
2022-09-01,7181,-0.02073,0.003019,0.104507,-0.201912,1.514136,0.2145,0.104908,0.8677,62.31,0.0766,5.5,0.3905,28.04,0.9791,2.1,ALTA,1.582,ATENCAO,NAO,0.6535,NORMAL,NAO,0.9007,NORMAL,NAO,-1.4614,NORMAL,NAO,1.636,-0.8117,0.1187,,0,,NORMAL,NAO,SIM
2022-10-11,389,-0.019936,0.006197,0.013213,-0.100782,1.232154,0.118856,0.076393,0.7712,3.0,0.3085,1.2,0.0746,0.29,0.053,94.7,BAIXA,1.3811,NORMAL,,0.6207,NORMAL,,-0.8039,NORMAL,,-0.3995,NORMAL,,0.3732,-1.1188,0.5111,,0,,NORMAL,,NAO
2022-10-16,5908,-0.049319,0.028597,0.039336,0.000604,1.003532,0.052342,-0.098652,0.2544,15.03,0.6456,38.14,0.1752,10.35,0.8056,19.4,ALTA,1.2464,NORMAL,NAO,1.7656,ATENCAO,NAO,-0.1193,NORMAL,NAO,0.9143,NORMAL,NAO,-0.9329,-1.4231,-0.0081,,0,,NORMAL,NAO,SIM
2022-10-26,7158,-0.31374,-0.015703,0.012507,-0.06048,1.129974,0.36454,0.126093,0.9193,65.8,0.052,3.72,0.096,6.87,0.976,2.4,ALTA,0.0342,NORMAL,NAO,-0.4987,NORMAL,NAO,-0.8224,NORMAL,NAO,0.1228,NORMAL,NAO,-0.2106,0.0051,0.6585,,0,,NORMAL,NAO,SIM
2022-11-05,2480,-0.255674,-0.011879,-0.012996,-0.085335,1.190013,0.330939,0.132134,0.9169,22.74,0.0637,1.58,0.0754,1.87,0.3382,66.2,MEDIA,-1.042,NORMAL,NAO,-0.9025,NORMAL,NAO,-2.6004,NORMAL,NAO,0.2153,NORMAL,NAO,-0.3463,1.0795,0.6614,,0,,NORMAL,,NAO
2022-11-10,7157,-0.331039,-0.003934,0.065736,-0.19127,1.47791,0.467878,-0.214655,0.8831,63.2,0.0757,5.42,0.2396,17.15,0.9759,2.4,ALTA,-1.685,NORMAL,NAO,-0.4016,NORMAL,NAO,0.0166,NORMAL,NAO,-1.1719,NORMAL,NAO,1.4185,2.4226,-1.0953,,0,,NORMAL,NAO,SIM
2022-11-15,7186,-0.177364,-0.00367,0.078336,-0.139036,1.330279,0.300304,-0.001216,0.8688,62.43,0.0792,5.69,0.2402,17.26,0.9798,2.0,ALTA,-0.3739,NORMAL,NAO,-0.3849,NORMAL,NAO,0.4354,NORMAL,NAO,-0.4879,NORMAL,NAO,0.5136,0.779,-0.0141,,0,,NORMAL,NAO,SIM
2022-11-20,3503,-0.077186,0.008609,0.075283,-0.108389,1.250093,0.174861,0.008145,0.6811,23.86,0.2569,9.0,0.2641,9.25,0.4776,52.2,MEDIA,0.4808,NORMAL,NAO,0.3893,NORMAL,NAO,0.3339,NORMAL,NAO,-0.0866,NORMAL,NAO,0.022,-0.4513,0.0333,,0,,NORMAL,,NAO
2022-11-25,1363,-0.090675,0.001298,0.072913,-0.122095,1.296992,0.20265,0.076724,0.7197,9.81,0.1592,2.17,0.2186,2.98,0.1858,81.4,BAIXA,0.3657,NORMAL,,-0.0717,NORMAL,,0.2551,NORMAL,,-0.2661,NORMAL,,0.3095,-0.1788,0.3807,,0,,NORMAL,,NAO
2022-12-05,551,0.102383,0.02679,0.151419,-0.141392,1.337641,0.036477,0.197896,0.5245,2.89,0.5027,2.77,0.8711,4.8,0.0751,92.5,BAIXA,1.5833,ATENCAO,,2.3845,ALERTA,,0.925,NORMAL,,-0.3059,NORMAL,,0.2778,-1.4939,0.8762,Expansão de vegetação flutuante,1,fai,NORMAL,,NAO
2022-12-10,4276,0.127476,0.033842,0.150743,-0.131807,1.314292,0.000671,0.094408,0.4369,18.68,0.5437,23.25,0.7797,33.34,0.583,41.7,MEDIA,1.6918,ATENCAO,NAO,2.9833,ALERTA,NAO,0.9144,NORMAL,NAO,-0.1929,NORMAL,NAO,0.1571,-1.6657,0.5954,Expansão de vegetação flutuante,1,fai,NORMAL,,NAO
2022-12-15,6287,0.004882,0.007469,0.273234,-0.233268,1.618095,0.221205,0.217376,0.8778,55.19,0.1183,7.44,0.9831,61.81,0.8572,14.3,ALTA,1.1618,NORMAL,NAO,0.7439,NORMAL,NAO,2.8284,ALERTA,NAO,-1.3893,NORMAL,NAO,1.7269,-0.6071,0.929,,1,ndci,VIGILANCIA,NAO,SIM
2022-12-30,7310,-0.227163,-0.025552,0.055772,0.12303,0.783876,0.109137,0.60562,0.858,62.72,0.0696,5.09,0.0691,5.05,0.9967,0.3,ALTA,0.1587,NORMAL,NAO,-2.06,NORMAL,NAO,-0.5696,NORMAL,NAO,2.8123,ALERTA,NAO,-2.5836,-1.1451,1.9823,,1,ndti,NORMAL,NAO,SIM
2023-01-09,5158,-0.023401,0.016385,0.03595,-0.046641,1.099728,0.06699,0.119737,0.5019,25.89,0.4279,22.07,0.151,7.79,0.7033,29.7,ALTA,1.4858,NORMAL,NAO,1.1968,NORMAL,NAO,-1.1871,NORMAL,NAO,1.9055,ATENCAO,NAO,-1.8498,-1.7665,1.3238,,0,,NORMAL,NAO,SIM
2023-01-14,2184,-0.090168,0.011972,0.035012,-0.119243,1.275228,0.195994,0.101238,0.6877,15.02,0.2908,6.35,0.1781,3.89,0.2978,70.2,BAIXA,0.7396,NORMAL,,0.7658,NORMAL,,-1.2128,NORMAL,,-0.0158,NORMAL,,-0.0256,-0.5715,1.0662,,0,,NORMAL,,NAO
2023-01-24,7206,-0.220686,-0.00364,0.113717,-0.121415,1.279561,0.32478,0.083686,0.8744,63.01,0.0792,5.71,0.3555,25.62,0.9825,1.7,ALTA,-0.7191,NORMAL,NAO,-0.7589,NORMAL,NAO,0.9406,NORMAL,NAO,-0.0732,NORMAL,NAO,0.0194,0.6216,0.8218,,0,,NORMAL,NAO,SIM
2023-01-29,339,0.135044,0.057253,0.088509,-0.062811,1.141602,-0.079586,0.009804,0.2802,0.95,0.6785,2.3,0.3776,1.28,0.0462,95.4,BAIXA,3.2567,ALERTA,,5.1882,ALERTA,,0.2509,NORMAL,,1.4776,NORMAL,,-1.4145,-3.1244,-0.2069,Expansão de vegetação flutuante,2,ndvi;fai,NORMAL,,NAO
2023-02-08,5716,-0.303077,-0.003629,0.027242,-0.141857,1.33588,0.414394,0.074082,0.8728,49.89,0.0974,5.57,0.1426,8.15,0.7794,22.1,ALTA,-0.8985,NORMAL,NAO,-0.4586,NORMAL,NAO,-1.6267,NORMAL,NAO,-0.3009,NORMAL,NAO,0.2703,0.8364,0.3277,,0,,NORMAL,NAO,SIM
2023-02-13,224,0.140789,0.039273,0.055956,-0.067639,1.145548,-0.073946,0.070159,0.0089,0.02,0.9196,2.06,0.0848,0.19,0.0305,96.9,BAIXA,1.126,NORMAL,,0.3177,NORMAL,,-0.9454,NORMAL,,1.7715,ATENCAO,,-1.8404,-1.2049,0.2884,,0,,NORMAL,,NAO
2023-03-05,953,0.076954,0.027826,0.067918,-0.066605,1.149524,-0.012238,0.128318,0.3767,3.59,0.5383,5.13,0.2204,2.1,0.1299,87.0,BAIXA,1.9337,ATENCAO,,5.8658,ALERTA,,-1.2106,NORMAL,,3.0918,ALERTA,,-2.7355,-2.4701,0.7078,Expansão de vegetação flutuante,2,fai;ndti,NORMAL,,NAO
2023-03-15,4929,-0.349579,-0.031862,-0.028304,-0.008674,1.020672,0.357271,0.105079,0.8888,43.81,0.0814,4.01,0.0343,1.69,0.6721,32.8,MEDIA,-2.6715,NORMAL,NAO,-8.0048,NORMAL,NAO,-3.3603,NORMAL,NAO,5.3218,ALERTA,NAO,-4.4844,1.2387,0.4809,,1,ndti,NORMAL,,NAO
2023-03-20,7203,-0.194521,-0.00301,0.07489,-0.13843,1.323896,0.315695,0.069098,0.8889,64.03,0.0677,4.88,0.3308,23.83,0.9821,1.8,ALTA,-0.9974,NORMAL,NAO,-1.3,NORMAL,NAO,-1.0549,NORMAL,NAO,0.3271,NORMAL,NAO,-0.3687,0.8214,0.1296,,0,,NORMAL,NAO,SIM
2023-03-25,270,0.139417,0.015773,0.122609,-0.098594,1.222853,-0.04449,0.002007,0.5185,1.4,0.2444,0.66,0.5074,1.37,0.0368,96.3,BAIXA,2.6081,ALERTA,,3.0649,ALERTA,,0.0112,NORMAL,,1.8605,ATENCAO,,-1.7402,-2.7938,-0.5254,Expansão de vegetação flutuante,2,ndvi;fai,NORMAL,,NAO
2023-03-30,7042,0.067075,0.006394,0.097956,-0.134413,1.313331,0.064635,0.054968,0.794,55.91,0.0861,6.06,0.3127,22.02,0.9602,4.0,ALTA,1.827,ATENCAO,NAO,0.8854,NORMAL,NAO,-0.5396,NORMAL,NAO,0.4817,NORMAL,NAO,-0.5121,-1.6985,-0.0084,,0,,NORMAL,NAO,SIM
2023-04-04,2340,0.146507,0.037447,0.063721,-0.04126,1.088011,-0.106011,0.03593,0.1812,4.24,0.5726,13.4,0.188,4.4,0.3191,68.1,MEDIA,1.7085,ATENCAO,NAO,1.9499,ATENCAO,NAO,-0.7091,NORMAL,NAO,1.1827,NORMAL,NAO,-1.1429,-4.6187,-1.1382,Expansão de vegetação flutuante,0,,NORMAL,,NAO
2023-04-09,1374,0.088383,0.021086,0.048442,-0.076804,1.168117,-0.012073,0.084286,0.3537,4.86,0.5167,7.1,0.1084,1.49,0.1873,81.3,BAIXA,1.2411,NORMAL,,0.8416,NORMAL,,-0.8379,NORMAL,,0.7642,NORMAL,,-0.8188,-3.1822,-0.6445,,0,,NORMAL,,NAO
2023-04-19,5956,-0.27443,-0.020698,0.023028,0.041366,0.92774,0.236374,0.368787,0.8652,51.53,0.0905,5.39,0.0618,3.68,0.8121,18.8,ALTA,-1.676,NORMAL,NAO,-1.9889,NORMAL,NAO,-1.0523,NORMAL,NAO,2.1555,ALERTA,NAO,-1.7915,0.6168,2.2605,,1,ndti,NORMAL,NAO,SIM
2023-04-24,209,0.060772,0.017895,0.037845,-0.051139,1.109441,-0.010298,0.041212,0.4211,0.88,0.4593,0.96,0.1435,0.3,0.0285,97.2,BAIXA,1.0191,NORMAL,,0.6254,NORMAL,,-0.9273,NORMAL,,1.0664,NORMAL,,-1.0562,-3.1551,-1.0843,,0,,NORMAL,,NAO
2023-05-14,7334,0.095144,0.020286,0.065891,-0.074107,1.165653,-0.022208,0.070215,0.426,31.24,0.377,27.65,0.1891,13.87,1.0,0.0,ALTA,1.5892,ATENCAO,NAO,1.0801,NORMAL,NAO,0.1429,NORMAL,NAO,0.3958,NORMAL,NAO,-0.4762,-2.0564,-0.5045,,0,,NORMAL,NAO,SIM
2023-05-24,7334,-0.003763,0.00395,0.181553,-0.226218,1.601487,0.217856,0.006524,0.8488,62.25,0.078,5.72,0.814,59.7,1.0,0.0,ALTA,0.9383,NORMAL,NAO,0.1359,NORMAL,NAO,1.8592,ATENCAO,NAO,-1.7091,NORMAL,NAO,1.93,-0.1522,-0.9723,,0,,NORMAL,NAO,SIM
2023-06-03,592,0.180401,0.037962,0.052301,-0.070044,1.15435,-0.112057,0.045262,0.1166,0.69,0.7703,4.56,0.2179,1.29,0.0807,91.9,BAIXA,2.4042,ALERTA,,2.2447,ALERTA,,0.6869,NORMAL,,0.1059,NORMAL,,-0.1766,-2.3163,-1.1464,Expansão de vegetação flutuante,2,ndvi;fai,NORMAL,,NAO
2023-06-08,7334,-0.00621,0.010607,0.122076,-0.137355,1.340641,0.134958,0.145085,0.6297,46.18,0.2441,17.9,0.5811,42.62,1.0,0.0,ALTA,1.25,NORMAL,NAO,0.7334,NORMAL,NAO,2.0684,ALERTA,NAO,-0.9967,NORMAL,NAO,1.0833,-0.8307,-0.3502,,1,ndci,VIGILANCIA,NAO,SIM
2023-06-18,7334,-0.398957,-0.023228,-0.040741,-0.024321,1.052375,0.4189,0.377639,0.9166,67.22,0.0569,4.17,0.0431,3.16,1.0,0.0,ALTA,-1.1791,NORMAL,NAO,-1.1358,NORMAL,NAO,-1.1552,NORMAL,NAO,0.855,NORMAL,NAO,-0.8662,0.877,1.5048,,0,,NORMAL,NAO,SIM
2023-06-28,7334,-0.173254,-0.000504,0.066669,-0.172849,1.422591,0.324228,0.180621,0.8784,64.42,0.0769,5.64,0.2734,20.05,1.0,0.0,ALTA,0.2168,NORMAL,NAO,0.1196,NORMAL,NAO,0.9714,NORMAL,NAO,-1.5782,NORMAL,NAO,1.6376,0.3076,-0.0667,,0,,NORMAL,NAO,SIM
2023-07-08,4994,0.223927,0.04946,0.078442,-0.021879,1.051643,-0.204295,0.141626,0.0,0.0,0.9549,47.69,0.1778,8.88,0.6809,31.9,MEDIA,2.0549,ALERTA,NAO,1.7844,ATENCAO,NAO,0.7564,NORMAL,NAO,1.3221,NORMAL,NAO,-1.3013,-2.1546,0.3037,Expansão de vegetação flutuante,1,ndvi,NORMAL,,NAO
2023-07-23,5350,0.065576,0.035101,0.035705,-0.007772,1.016304,-0.057887,0.010819,0.0178,0.95,0.8353,44.69,0.0312,1.67,0.7295,27.1,ALTA,1.1173,NORMAL,NAO,1.1349,NORMAL,NAO,-0.1562,NORMAL,NAO,1.5529,ATENCAO,NAO,-1.5381,-1.3953,-1.0598,,0,,NORMAL,NAO,SIM
2023-08-02,7334,-0.142199,7.5e-05,0.056769,-0.187594,1.469777,0.309037,0.092864,0.8713,63.9,0.0691,5.07,0.2167,15.89,1.0,0.0,ALTA,0.2289,NORMAL,NAO,0.0818,NORMAL,NAO,0.2378,NORMAL,NAO,-0.916,NORMAL,NAO,0.9718,0.1382,-0.2406,,0,,NORMAL,NAO,SIM
2023-08-07,7334,0.031509,0.004627,0.107816,-0.199093,1.504667,0.162149,0.086138,0.8383,61.48,0.0787,5.77,0.4074,29.88,1.0,0.0,ALTA,1.5286,ATENCAO,NAO,0.4297,NORMAL,NAO,1.5924,ATENCAO,NAO,-1.1104,NORMAL,NAO,1.2055,-0.9775,-0.2878,,0,,NORMAL,NAO,SIM
2023-08-17,5604,-0.011653,0.007595,0.03297,-0.050126,1.1075,0.060499,0.02474,0.5532,31.0,0.2916,16.34,0.0339,1.9,0.7641,23.6,ALTA,1.2057,NORMAL,NAO,0.6565,NORMAL,NAO,-0.3937,NORMAL,NAO,1.4071,NORMAL,NAO,-1.455,-1.7495,-0.7184,,0,,NORMAL,NAO,SIM
2023-08-22,7334,-0.240926,-0.008851,0.025204,-0.120838,1.27681,0.347198,0.170975,0.9284,68.09,0.0394,2.89,0.1035,7.59,1.0,0.0,ALTA,-0.5098,NORMAL,NAO,-0.6003,NORMAL,NAO,-0.5998,NORMAL,NAO,0.2121,NORMAL,NAO,-0.3208,0.428,0.3072,,0,,NORMAL,NAO,SIM
2023-08-27,460,0.13217,0.026684,0.059657,-0.077339,1.171824,-0.056259,0.014412,0.2696,1.24,0.4957,2.28,0.2957,1.36,0.0627,93.7,BAIXA,2.2818,ALERTA,,2.1153,ALERTA,,0.3144,NORMAL,,0.9472,NORMAL,,-1.0241,-2.6363,-0.7909,Expansão de vegetação flutuante,2,ndvi;fai,NORMAL,,NAO
2023-09-01,7191,-0.142989,-0.00169,0.064365,-0.147711,1.352102,0.277889,0.090036,0.8875,63.82,0.0579,4.16,0.2047,14.72,0.9805,1.9,ALTA,0.2687,NORMAL,NAO,0.1048,NORMAL,NAO,-0.2257,NORMAL,NAO,-0.5346,NORMAL,NAO,0.516,0.0928,-0.0107,,0,,NORMAL,NAO,SIM
2023-09-11,7204,-0.070338,0.000354,0.117299,-0.167934,1.407413,0.230327,0.137792,0.8926,64.3,0.0573,4.13,0.4779,34.43,0.9823,1.8,ALTA,1.0491,NORMAL,NAO,0.343,NORMAL,NAO,1.2596,NORMAL,NAO,-0.8804,NORMAL,NAO,0.8983,-0.5858,0.4047,,0,,NORMAL,NAO,SIM
2023-09-16,7026,-0.181876,-0.002238,0.119676,-0.130647,1.304489,0.297902,0.062111,0.8844,62.14,0.0542,3.81,0.4916,34.54,0.958,4.2,ALTA,-0.149,NORMAL,NAO,0.041,NORMAL,NAO,1.3263,NORMAL,NAO,-0.2428,NORMAL,NAO,0.1869,0.3783,-0.2537,,0,,NORMAL,NAO,SIM
2023-09-21,6987,-0.179342,-0.00459,0.049222,-0.121124,1.27884,0.289448,0.054059,0.9054,63.26,0.0485,3.39,0.1662,11.61,0.9527,4.7,ALTA,-0.1218,NORMAL,NAO,-0.2331,NORMAL,NAO,-0.6506,NORMAL,NAO,-0.0799,NORMAL,NAO,0.0096,0.2577,-0.3237,,0,,NORMAL,NAO,SIM
2023-09-26,1271,-0.122677,-0.00642,0.027114,-0.103168,1.233187,0.217955,0.04265,0.878,11.16,0.1306,1.66,0.0921,1.17,0.1733,82.7,BAIXA,0.4869,NORMAL,,-0.4464,NORMAL,,-1.2709,NORMAL,,0.2271,NORMAL,,-0.3059,-0.7624,-0.423,,0,,NORMAL,,NAO
2023-10-11,7161,-0.45357,-0.044966,-0.02134,0.074642,0.863695,0.393208,0.363094,0.9703,69.48,0.0163,1.17,0.0116,0.83,0.9764,2.4,ALTA,-0.6069,NORMAL,NAO,-1.9945,NORMAL,NAO,-1.7094,NORMAL,NAO,1.8737,ATENCAO,NAO,-1.7319,0.1363,1.3615,,0,,NORMAL,NAO,SIM
2023-10-16,976,-0.029362,0.005938,0.005606,-0.010078,1.021514,0.039604,0.070065,0.5861,5.72,0.3432,3.35,0.0041,0.04,0.1331,86.7,BAIXA,1.3378,NORMAL,,0.6074,NORMAL,,-1.0033,NORMAL,,0.7759,NORMAL,,-0.8302,-1.4813,0.4923,,0,,NORMAL,,NAO
2023-11-05,7070,-0.356651,-0.041389,0.003627,0.125706,0.780692,0.242115,0.587101,0.9485,67.06,0.0156,1.1,0.0083,0.59,0.964,3.6,ALTA,-1.9035,NORMAL,NAO,-2.7632,NORMAL,NAO,-2.0479,NORMAL,NAO,2.9788,ALERTA,NAO,-2.8554,0.2083,2.9663,,1,ndti,NORMAL,NAO,SIM
2023-11-10,1101,-0.021025,0.010246,0.023275,-0.033891,1.07486,0.053916,0.023617,0.4932,5.43,0.3688,4.06,0.0027,0.03,0.1501,85.0,BAIXA,0.9599,NORMAL,,0.4925,NORMAL,,-1.3948,NORMAL,,0.8889,NORMAL,,-1.0521,-1.6375,0.1117,,0,,NORMAL,,NAO
2023-11-30,3904,-0.169088,-0.004406,0.058863,-0.071302,1.159435,0.233017,0.077561,0.7677,29.97,0.1716,6.7,0.1842,7.19,0.5323,46.8,MEDIA,-0.3033,NORMAL,NAO,-0.4313,NORMAL,NAO,-0.2119,NORMAL,NAO,0.399,NORMAL,NAO,-0.5337,0.1191,0.385,,0,,NORMAL,,NAO
2023-12-15,7188,-0.623621,-0.015265,0.038985,-0.173805,1.425676,0.695307,-0.64401,0.9391,67.5,0.0309,2.22,0.2165,15.56,0.9801,2.0,ALTA,-1.5553,NORMAL,NAO,-1.1865,NORMAL,NAO,-0.8319,NORMAL,NAO,-0.6881,NORMAL,NAO,0.7327,1.6686,-1.4079,,0,,NORMAL,NAO,SIM
2023-12-20,453,0.105315,0.02789,0.057553,-0.054588,1.123201,-0.052306,-0.037858,0.2958,1.34,0.5364,2.43,0.2583,1.17,0.0618,93.8,BAIXA,1.596,ATENCAO,,2.4779,ALERTA,,-0.5418,NORMAL,,0.7177,NORMAL,,-0.8303,-1.92,0.2366,Expansão de vegetação flutuante,1,fai,NORMAL,,NAO
2024-01-09,7182,-0.201691,-0.004942,0.096214,-0.144687,1.341937,0.329404,-0.040241,0.9095,65.32,0.045,3.23,0.4064,29.19,0.9793,2.1,ALTA,-0.5068,NORMAL,NAO,-0.8861,NORMAL,NAO,0.4617,NORMAL,NAO,-0.6891,NORMAL,NAO,0.6678,0.6644,-0.9038,,0,,NORMAL,NAO,SIM
2024-01-29,2678,0.031011,0.034785,0.083739,-0.054609,1.121412,0.016729,0.016154,0.3697,9.9,0.5299,14.19,0.3506,9.39,0.3651,63.5,MEDIA,2.094,ALERTA,NAO,2.9938,ALERTA,NAO,0.1204,NORMAL,NAO,1.6946,ATENCAO,NAO,-1.6244,-2.2322,-0.1185,Expansão de vegetação flutuante,2,ndvi;fai,NORMAL,,NAO
2024-02-03,2885,0.26549,0.084591,0.101885,-0.088425,1.196415,-0.183183,0.131662,0.1508,4.35,0.818,23.6,0.4849,13.99,0.3934,60.7,MEDIA,1.6947,ATENCAO,NAO,1.1376,NORMAL,NAO,0.1443,NORMAL,NAO,1.1911,NORMAL,NAO,-1.2763,-1.6615,0.904,,0,,NORMAL,,NAO
2024-02-08,783,-0.045902,0.005996,0.039619,-0.095579,1.214821,0.137396,-0.012573,0.7292,5.71,0.2209,1.73,0.152,1.19,0.1068,89.3,BAIXA,0.2745,NORMAL,,-0.2844,NORMAL,,-1.333,NORMAL,,0.9913,NORMAL,,-1.0722,-0.3215,-0.5397,,0,,NORMAL,,NAO
2024-02-23,2269,0.013342,0.019413,0.169983,-0.148681,1.358991,0.127621,0.184642,0.6562,14.89,0.3072,6.97,0.8713,19.77,0.3094,69.1,MEDIA,0.5447,NORMAL,NAO,-0.0417,NORMAL,NAO,1.7601,ATENCAO,NAO,-0.4914,NORMAL,NAO,0.5266,-0.3623,1.4343,,0,,NORMAL,,NAO
2024-02-28,148,0.165653,0.03136,0.181648,-0.079331,1.183386,-0.088688,-0.036916,0.277,0.41,0.4865,0.72,0.8243,1.22,0.0202,98.0,BAIXA,1.2394,NORMAL,,0.1745,NORMAL,,2.0368,ALERTA,,1.445,NORMAL,,-1.4208,-1.2665,-0.7833,,1,ndci,NORMAL,,NAO
2024-03-04,396,0.186242,0.029718,0.226037,-0.136855,1.321024,-0.053415,0.054976,0.4874,1.93,0.3914,1.55,0.9722,3.85,0.054,94.6,BAIXA,3.1136,ALERTA,,6.3055,ALERTA,,2.3218,ALERTA,,0.3877,NORMAL,,-0.4077,-2.8834,-0.0083,Expansão de vegetação flutuante,3,ndvi;fai;ndci,NORMAL,,NAO
2024-03-09,526,0.167931,0.042297,0.095421,-0.090796,1.203123,-0.078482,0.149617,0.057,0.3,0.9106,4.79,0.4658,2.45,0.0717,92.8,BAIXA,2.9159,ALERTA,,9.2287,ALERTA,,-0.5962,NORMAL,,2.1607,ALERTA,,-2.008,-3.135,0.9157,Expansão de vegetação flutuante,3,ndvi;fai;ndti,NORMAL,,NAO
2024-03-14,7193,-0.137584,-0.00161,0.223642,-0.190403,1.472989,0.310852,0.159708,0.906,65.17,0.0603,4.34,0.9958,71.63,0.9808,1.9,ALTA,-0.3827,NORMAL,NAO,-0.9747,NORMAL,NAO,2.2683,ALERTA,NAO,-1.6736,NORMAL,NAO,1.6549,0.7728,1.0142,,1,ndci,VIGILANCIA,NAO,SIM
2024-03-29,7216,-0.043745,0.001656,0.142703,-0.140833,1.333732,0.177858,0.000531,0.8592,62.0,0.061,4.4,0.5692,41.07,0.9839,1.6,ALTA,0.6305,NORMAL,NAO,-0.2157,NORMAL,NAO,0.4601,NORMAL,NAO,0.2346,NORMAL,NAO,-0.2352,-0.5621,-0.5398,,0,,NORMAL,NAO,SIM
2024-04-03,3222,-0.040441,0.006787,0.134629,-0.136798,1.330146,0.168134,0.001698,0.7129,22.97,0.1862,6.0,0.6421,20.69,0.4393,56.1,MEDIA,0.2053,NORMAL,NAO,-0.1271,NORMAL,NAO,-0.1109,NORMAL,NAO,0.0578,NORMAL,NAO,-0.163,-0.4266,-1.4878,,0,,NORMAL,,NAO
2024-04-18,7334,-0.150989,-0.00086,0.146209,-0.129314,1.302641,0.266645,0.084644,0.8756,64.22,0.0631,4.63,0.6669,48.91,1.0,0.0,ALTA,-0.6835,NORMAL,NAO,-0.6451,NORMAL,NAO,-0.0133,NORMAL,NAO,0.146,NORMAL,NAO,-0.2743,1.0797,-0.6408,,0,,NORMAL,NAO,SIM
2024-04-23,4415,0.057385,0.03548,0.10604,-0.084231,1.202909,0.019652,-0.004621,0.451,19.91,0.4727,20.87,0.4709,20.79,0.602,39.8,MEDIA,0.9919,NORMAL,NAO,1.8167,ATENCAO,NAO,-0.3521,NORMAL,NAO,0.6768,NORMAL,NAO,-0.6779,-2.6971,-1.5523,,0,,NORMAL,,NAO
2024-05-23,7334,-0.277156,-0.011793,0.05777,-0.108445,1.248782,0.369844,0.236787,0.919,67.4,0.0604,4.43,0.1366,10.02,1.0,0.0,ALTA,-0.8609,NORMAL,NAO,-0.774,NORMAL,NAO,0.0224,NORMAL,NAO,-0.0794,NORMAL,NAO,-0.0173,1.0534,0.7192,,0,,NORMAL,NAO,SIM
2024-05-28,6388,-0.405692,-0.045048,-0.02209,0.085035,0.844999,0.333535,0.590014,0.9548,60.99,0.0294,1.88,0.0135,0.86,0.871,12.9,ALTA,-1.7067,NORMAL,NAO,-2.696,NORMAL,NAO,-1.1626,NORMAL,NAO,2.5979,ALERTA,NAO,-2.2466,0.7654,3.3139,,1,ndti,NORMAL,NAO,SIM
2024-06-02,5839,0.039972,0.037176,0.025435,-0.011165,1.024185,-0.029216,0.027517,0.0944,5.51,0.8724,50.94,0.0269,1.57,0.7962,20.4,ALTA,1.5356,ATENCAO,NAO,2.2013,ALERTA,NAO,0.155,NORMAL,NAO,1.0705,NORMAL,NAO,-1.0569,-1.8181,-1.2879,Expansão de vegetação flutuante,1,fai,NORMAL,NAO,SIM
2024-06-07,7334,-0.351227,-0.015072,-0.033723,-0.127418,1.293683,0.451405,0.203621,0.9351,68.58,0.0506,3.71,0.0575,4.22,1.0,0.0,ALTA,-0.8839,NORMAL,NAO,-0.6853,NORMAL,NAO,-1.0162,NORMAL,NAO,-0.8339,NORMAL,NAO,0.7657,1.0725,0.1167,,0,,NORMAL,NAO,SIM
2024-06-12,7334,-0.240363,-0.004515,0.008353,-0.186362,1.464015,0.397648,0.143127,0.9164,67.21,0.057,4.18,0.1235,9.06,1.0,0.0,ALTA,-0.1982,NORMAL,NAO,-0.102,NORMAL,NAO,-0.1832,NORMAL,NAO,-1.7996,NORMAL,NAO,1.9177,0.7492,-0.3658,,0,,NORMAL,NAO,SIM
2024-06-22,859,0.158912,0.0087,0.096924,-0.138678,1.333686,-0.022019,0.251297,0.4983,4.28,0.1048,0.9,0.4389,3.77,0.1171,88.3,BAIXA,2.2713,ALERTA,,0.6281,NORMAL,,1.5704,ATENCAO,,-1.0184,NORMAL,,1.0363,-1.7748,0.497,,1,ndvi,NORMAL,,NAO
2024-06-27,7334,-0.33793,-0.013669,0.001453,-0.066734,1.15572,0.392633,0.245225,0.9149,67.1,0.0481,3.53,0.096,7.04,1.0,0.0,ALTA,-0.8017,NORMAL,NAO,-0.6077,NORMAL,NAO,-0.3198,NORMAL,NAO,0.1602,NORMAL,NAO,-0.1673,0.719,0.4486,,0,,NORMAL,NAO,SIM
2024-07-02,7334,-0.320846,-0.009887,-0.033031,-0.090198,1.200265,0.394264,0.231366,0.9116,66.86,0.0559,4.1,0.0828,6.07,1.0,0.0,ALTA,-1.1707,NORMAL,NAO,-0.8999,NORMAL,NAO,-1.6238,NORMAL,NAO,0.2044,NORMAL,NAO,-0.3052,0.9496,1.2391,,0,,NORMAL,NAO,SIM
2024-07-17,3936,-0.1058,-0.002178,0.012507,-0.042772,1.097736,0.144009,-0.006237,0.6237,24.55,0.2454,9.66,0.1433,5.64,0.5367,46.3,MEDIA,0.1026,NORMAL,NAO,-0.5512,NORMAL,NAO,-0.6515,NORMAL,NAO,0.9803,NORMAL,NAO,-0.9924,-0.3482,-1.2376,,0,,NORMAL,,NAO
2024-07-22,7334,-0.427382,-0.01892,-0.074988,-0.123314,1.28362,0.516313,0.293976,0.941,69.01,0.0466,3.42,0.038,2.79,1.0,0.0,ALTA,-1.8015,NORMAL,NAO,-1.3085,NORMAL,NAO,-2.5197,NORMAL,NAO,-0.3374,NORMAL,NAO,0.2534,1.5826,1.8918,,0,,NORMAL,NAO,SIM
2024-08-01,5435,0.015227,0.042785,0.025297,0.004883,0.990303,-0.020108,0.100205,0.0,0.0,1.0,54.35,0.0,0.0,0.7411,25.9,ALTA,1.4068,NORMAL,NAO,3.3457,ALERTA,NAO,-0.5974,NORMAL,NAO,2.3367,ALERTA,NAO,-2.2401,-2.3617,-0.1891,,2,fai;ndti,NORMAL,NAO,SIM
2024-08-06,7334,-0.076387,-0.000696,0.074051,-0.167107,1.405495,0.237494,0.260529,0.9242,67.78,0.0446,3.27,0.2412,17.69,1.0,0.0,ALTA,0.7213,NORMAL,NAO,0.0229,NORMAL,NAO,0.6964,NORMAL,NAO,-0.5698,NORMAL,NAO,0.5412,-0.4052,0.9354,,0,,NORMAL,NAO,SIM
2024-08-11,7330,-0.284704,-0.00534,-0.006355,-0.160151,1.387285,0.416201,0.105448,0.9162,67.16,0.0424,3.11,0.1317,9.65,0.9995,0.1,ALTA,-0.8373,NORMAL,NAO,-0.332,NORMAL,NAO,-1.4373,NORMAL,NAO,-0.4523,NORMAL,NAO,0.4192,0.9521,-0.1524,,0,,NORMAL,NAO,SIM
2024-08-16,7334,-0.001911,0.004974,0.063952,-0.162754,1.391206,0.163368,0.412251,0.9298,68.19,0.049,3.59,0.1369,10.04,1.0,0.0,ALTA,1.2786,NORMAL,NAO,0.4562,NORMAL,NAO,0.4284,NORMAL,NAO,-0.4963,NORMAL,NAO,0.4455,-0.9682,1.9995,,0,,NORMAL,NAO,SIM
2024-08-21,1525,-0.018952,0.007583,0.046608,-0.124017,1.29142,0.136165,-0.028287,0.6315,9.63,0.318,4.85,0.2033,3.1,0.2079,79.2,BAIXA,1.1511,NORMAL,,0.6556,NORMAL,,-0.0318,NORMAL,,0.1584,NORMAL,,-0.223,-1.1748,-1.0904,,0,,NORMAL,,NAO
2024-08-26,7250,-0.248644,-0.006579,-0.00113,-0.110271,1.256044,0.345842,0.123068,0.9199,66.69,0.0335,2.43,0.1268,9.19,0.9885,1.1,ALTA,-0.5675,NORMAL,NAO,-0.4267,NORMAL,NAO,-1.2987,NORMAL,NAO,0.3907,NORMAL,NAO,-0.46,0.4177,-0.0288,,0,,NORMAL,NAO,SIM
2024-08-31,6836,-0.110772,-0.002939,0.039674,-0.135032,1.315087,0.239649,0.196874,0.9269,63.36,0.0383,2.62,0.1216,8.31,0.9321,6.8,ALTA,0.4641,NORMAL,NAO,-0.1485,NORMAL,NAO,-0.2158,NORMAL,NAO,-0.0278,NORMAL,NAO,-0.0644,-0.3888,0.4889,,0,,NORMAL,NAO,SIM
2024-09-10,2173,0.085663,0.023556,0.050231,-0.091909,1.202688,0.006276,0.470968,0.7092,15.41,0.9185,19.96,0.0005,0.01,0.2963,70.4,BAIXA,2.7248,ALERTA,,3.0467,ALERTA,,-0.6223,NORMAL,,0.4197,NORMAL,,-0.5167,-3.7826,3.3034,Expansão de vegetação flutuante,2,ndvi;fai,NORMAL,,NAO
2024-09-30,7182,-0.127299,-0.00198,0.069045,-0.186022,1.462749,0.299407,0.051681,0.918,65.93,0.0363,2.61,0.2272,16.32,0.9793,2.1,ALTA,0.4373,NORMAL,NAO,0.071,NORMAL,NAO,-0.0944,NORMAL,NAO,-1.1897,NORMAL,NAO,1.2808,0.3998,-0.3444,,0,,NORMAL,NAO,SIM
2024-10-20,132,0.146032,0.037827,0.060035,-0.043127,1.091057,-0.103615,0.002318,0.0,0.0,0.8788,1.16,0.1288,0.17,0.018,98.2,BAIXA,2.1419,ALERTA,,2.2374,ALERTA,,0.4232,NORMAL,,0.3476,NORMAL,,-0.4329,-2.1365,0.2914,Expansão de vegetação flutuante,2,ndvi;fai,NORMAL,,NAO
2024-10-25,2152,-0.080655,0.012641,0.058134,-0.103086,1.240821,0.172753,3.9e-05,0.651,14.01,0.2825,6.08,0.1947,4.19,0.2934,70.7,BAIXA,1.1027,NORMAL,,0.9501,NORMAL,,0.3733,NORMAL,,-0.4293,NORMAL,,0.4227,-0.8722,0.2846,,0,,NORMAL,,NAO
2024-10-30,4955,-0.076176,0.00416,0.049225,-0.148066,1.36099,0.212248,-0.069241,0.7707,38.19,0.153,7.58,0.2018,10.0,0.6756,32.4,MEDIA,1.1232,NORMAL,NAO,0.5166,NORMAL,NAO,0.1399,NORMAL,NAO,-1.0122,NORMAL,NAO,1.1093,-0.6916,0.0791,,0,,NORMAL,,NAO
2024-11-14,1582,0.012282,0.005129,0.035251,-0.082272,1.180501,0.069092,0.039731,0.8357,13.22,0.11,1.74,0.0891,1.41,0.2157,78.4,BAIXA,1.2441,NORMAL,,0.1699,NORMAL,,-0.9967,NORMAL,,0.2554,NORMAL,,-0.4046,-1.4887,0.1933,,0,,NORMAL,,NAO
2024-11-24,7036,-0.042962,0.014438,0.062709,-0.117901,1.284086,0.148393,-0.064651,0.6354,44.71,0.2922,20.56,0.2445,17.2,0.9594,4.1,ALTA,0.7728,NORMAL,NAO,0.7569,NORMAL,NAO,-0.084,NORMAL,NAO,-0.2112,NORMAL,NAO,0.2304,-0.7109,-0.3354,,0,,NORMAL,NAO,SIM
2024-11-29,134,0.075398,0.02353,0.057036,-0.078388,1.17091,0.002802,0.093158,0.5299,0.71,0.5522,0.74,0.0597,0.08,0.0183,98.2,BAIXA,1.7826,ATENCAO,,1.3301,NORMAL,,-0.2726,NORMAL,,0.3063,NORMAL,,-0.4634,-2.1389,0.464,,0,,NORMAL,,NAO
2025-01-03,6955,-0.352964,-0.011702,-0.038471,-0.108381,1.246461,0.432634,-0.106748,0.8828,61.4,0.0861,5.99,0.1061,7.38,0.9483,5.2,ALTA,-2.1975,NORMAL,NAO,-1.5463,NORMAL,NAO,-3.2234,NORMAL,NAO,0.2717,NORMAL,NAO,-0.3246,1.6207,-1.8299,,0,,NORMAL,NAO,SIM
2025-01-08,725,0.009906,0.01352,0.037826,-0.11621,1.26479,0.104726,0.244257,0.7531,5.46,0.2731,1.98,0.0469,0.34,0.0989,90.1,BAIXA,1.8581,ATENCAO,,0.917,NORMAL,,-1.1358,NORMAL,,0.0645,NORMAL,,-0.1341,-1.417,3.0577,,0,,NORMAL,,NAO
2025-01-13,297,0.229095,0.064123,0.050854,-0.074889,1.164683,-0.157501,0.13099,0.0,0.0,0.936,2.78,0.1919,0.57,0.0405,96.0,BAIXA,4.3078,ALERTA,,5.8591,ALERTA,,-0.7794,NORMAL,,1.158,NORMAL,,-1.1746,-3.8462,1.4805,Expansão de vegetação flutuante,2,ndvi;fai,NORMAL,,NAO
2025-01-18,684,0.143867,0.03855,0.07678,-0.094241,1.219549,-0.051994,0.107609,0.3874,2.65,0.5336,3.65,0.3231,2.21,0.0933,90.7,BAIXA,3.3553,ALERTA,,3.3615,ALERTA,,-0.07,NORMAL,,0.6458,NORMAL,,-0.6043,-2.8688,1.1549,Expansão de vegetação flutuante,2,ndvi;fai,NORMAL,,NAO
2025-01-23,7210,-0.122606,0.000425,0.137377,-0.24679,1.664001,0.339216,-0.104235,0.8646,62.34,0.0878,6.33,0.6094,43.94,0.9831,1.7,ALTA,0.3771,NORMAL,NAO,-0.3619,NORMAL,NAO,1.588,ATENCAO,NAO,-3.391,NORMAL,NAO,4.0153,0.7553,-1.7949,,0,,NORMAL,NAO,SIM
2025-02-12,7246,0.03901,0.008199,0.311484,-0.319313,1.962718,0.262669,0.001565,0.822,59.56,0.1442,10.45,0.9739,70.57,0.988,1.2,ALTA,0.6617,NORMAL,NAO,-0.2446,NORMAL,NAO,5.1174,ALERTA,NAO,-5.2561,NORMAL,NAO,7.2219,0.2022,-0.3982,,1,ndci,VIGILANCIA,NAO,SIM
2025-02-22,808,0.319041,0.096021,0.128871,-0.080263,1.185328,-0.246879,0.129344,0.0025,0.02,0.9641,7.79,0.7104,5.74,0.1102,89.0,BAIXA,1.939,ATENCAO,,1.3445,NORMAL,,0.7846,NORMAL,,1.419,NORMAL,,-1.3993,-1.9278,0.8808,,0,,NORMAL,,NAO
2025-03-04,2647,0.208243,0.056905,0.155754,-0.101154,1.246312,-0.119325,0.019177,0.2497,6.61,0.6539,17.31,0.6347,16.8,0.3609,63.9,MEDIA,3.3512,ALERTA,NAO,12.6234,ALERTA,NAO,0.7517,NORMAL,NAO,1.7619,ATENCAO,NAO,-1.4218,-3.545,-0.3578,Expansão de vegetação flutuante,2,ndvi;fai,NORMAL,,NAO
2025-03-09,7261,0.081971,0.020601,0.233758,-0.23172,1.617905,0.127795,0.117079,0.6744,48.97,0.2775,20.15,0.8601,62.45,0.99,1.0,ALTA,1.9878,ATENCAO,NAO,4.1869,ALERTA,SIM,2.4943,ALERTA,NAO,-3.264,NORMAL,NAO,3.6218,-1.0646,0.598,Expansão de vegetação flutuante,2,fai;ndci,VIGILANCIA,NAO,SIM
2025-03-14,1691,0.043775,0.018723,0.153174,-0.128397,1.308801,0.080168,0.029212,0.6198,10.48,0.3465,5.86,0.8125,13.74,0.2306,76.9,BAIXA,1.5754,ATENCAO,,3.7504,ALERTA,,0.694,NORMAL,,0.7133,NORMAL,,-0.5736,-1.5426,-0.2598,Expansão de vegetação flutuante,1,fai,NORMAL,,NAO
2025-03-19,4191,0.169213,0.051444,0.302945,-0.233986,1.649054,0.043988,0.307138,0.5746,24.08,0.4238,17.76,0.9609,40.27,0.5714,42.9,MEDIA,2.9298,ALERTA,NAO,11.3543,ALERTA,SIM,4.04,ALERTA,SIM,-3.3512,NORMAL,NAO,4.0446,-1.9058,2.4536,Expansão de vegetação flutuante,3,ndvi;fai;ndci,NORMAL,,NAO
2025-03-26,443,0.191785,0.055121,0.15182,-0.113304,1.26257,-0.082117,0.130277,0.2144,0.95,0.8465,3.75,0.8488,3.76,0.0604,94.0,BAIXA,3.1735,ALERTA,,12.2088,ALERTA,,0.6638,NORMAL,,1.2942,NORMAL,,-1.2011,-3.1715,0.7269,Expansão de vegetação flutuante,2,ndvi;fai,NORMAL,,NAO
2025-03-29,4567,0.234541,0.066093,0.121191,-0.063987,1.147662,-0.174944,0.021587,0.0907,4.14,0.7686,35.1,0.6214,28.38,0.6227,37.7,MEDIA,3.6351,ALERTA,SIM,14.7585,ALERTA,SIM,-0.0205,NORMAL,NAO,3.1926,ALERTA,NAO,-2.7607,-4.1032,-0.3343,Expansão de vegetação flutuante,3,ndvi;fai;ndti,NORMAL,,NAO
2025-04-03,1781,0.349417,0.06748,0.156455,-0.043731,1.099385,-0.313633,0.04404,0.0,0.0,0.9208,16.4,0.8737,15.56,0.2428,75.7,BAIXA,3.3399,ALERTA,,3.9844,ALERTA,,0.0732,NORMAL,,1.1536,NORMAL,,-1.0969,-7.7935,-1.0554,Expansão de vegetação flutuante,2,ndvi;fai,NORMAL,,NAO
2025-04-08,7239,0.013726,0.022647,0.125389,-0.095406,1.213403,0.071349,0.162726,0.7346,53.18,0.2285,16.54,0.3894,28.19,0.987,1.3,ALTA,0.6409,NORMAL,NAO,0.9473,NORMAL,NAO,-0.1889,NORMAL,NAO,0.5452,NORMAL,NAO,-0.6355,-1.9066,0.1565,,0,,NORMAL,NAO,SIM
2025-04-15,506,0.105736,0.023525,0.067766,-0.083089,1.18522,-0.024441,0.02556,0.3439,1.74,0.5198,2.63,0.2945,1.49,0.069,93.1,BAIXA,1.3807,NORMAL,,1.0068,NORMAL,,-0.6749,NORMAL,,0.6902,NORMAL,,-0.7495,-3.3714,-1.2441,,0,,NORMAL,,NAO
2025-04-18,6458,0.158713,0.05674,0.16416,-0.116826,1.293764,-0.049162,0.10711,0.3597,23.23,0.616,39.78,0.6649,42.94,0.8806,11.9,ALTA,1.8066,ATENCAO,NAO,3.2569,ALERTA,NAO,0.1382,NORMAL,NAO,0.293,NORMAL,NAO,-0.3103,-3.7494,-0.4114,Expansão de vegetação flutuante,1,fai,NORMAL,NAO,SIM
2025-04-28,4254,0.300956,0.072389,0.266395,-0.145558,1.374376,-0.169855,0.111637,0.2323,9.88,0.7299,31.05,0.9191,39.1,0.58,42.0,MEDIA,2.9503,ALERTA,NAO,4.3169,ALERTA,SIM,1.0005,NORMAL,NAO,-0.0453,NORMAL,NAO,0.016,-5.5949,-0.3652,Expansão de vegetação flutuante,2,ndvi;fai,NORMAL,,NAO
2025-05-03,7334,0.249865,0.030893,0.359586,-0.225643,1.608903,-0.03592,0.204685,0.6215,45.58,0.3114,22.84,0.9496,69.64,1.0,0.0,ALTA,2.6074,ALERTA,SIM,1.6931,ATENCAO,NAO,4.501,ALERTA,NAO,-1.7011,NORMAL,NAO,1.971,-2.1651,0.4833,Expansão de vegetação flutuante,2,ndvi;ndci,VIGILANCIA,NAO,SIM
2025-05-23,200,0.135207,0.033894,-0.008922,-0.051241,1.108744,-0.084633,0.094321,0.0,0.0,0.855,1.71,0.0,0.0,0.0273,97.3,BAIXA,1.8529,ATENCAO,,1.8665,ATENCAO,,-0.9672,NORMAL,,0.7122,NORMAL,,-0.7904,-2.5515,-0.3274,Expansão de vegetação flutuante,0,,NORMAL,,NAO
2025-05-25,3503,0.202361,0.049736,0.127695,-0.121377,1.294466,-0.095614,0.07169,0.3283,11.5,0.5949,20.84,0.5575,19.53,0.4776,52.2,MEDIA,2.2948,ALERTA,SIM,2.7821,ALERTA,NAO,1.06,NORMAL,NAO,-0.2583,NORMAL,NAO,0.2349,-2.6386,-0.4936,Expansão de vegetação flutuante,2,ndvi;fai,NORMAL,,NAO
2025-06-12,6402,0.241753,0.10143,0.188874,-0.097076,1.253036,-0.179791,0.337231,0.3313,21.21,0.6336,40.56,0.5733,36.7,0.8729,12.7,ALTA,2.7837,ALERTA,SIM,5.751,ALERTA,SIM,3.3909,ALERTA,NAO,-0.3369,NORMAL,NAO,0.4909,-2.7237,1.1825,Expansão de vegetação flutuante,3,ndvi;fai;ndci,CONFIRMADO,NAO,SIM
2025-06-17,7334,-0.061056,0.051388,0.109765,-0.090916,1.251794,0.108653,0.356658,0.6948,50.96,0.2848,20.89,0.2903,21.29,1.0,0.0,ALTA,0.9108,NORMAL,NAO,2.9864,ALERTA,SIM,1.8246,ATENCAO,NAO,-0.236,NORMAL,NAO,0.4825,-0.9889,1.3374,,1,fai,NORMAL,NAO,SIM
2025-06-27,457,0.234602,0.068587,0.104708,-0.060104,1.13049,-0.178777,0.1814,0.1116,0.51,0.8731,3.99,0.5339,2.44,0.0623,93.8,BAIXA,2.7394,ALERTA,,3.9366,ALERTA,,1.7245,ATENCAO,,0.2688,NORMAL,,-0.3379,-2.7176,-0.0605,Expansão de vegetação flutuante,2,ndvi;fai,NORMAL,,NAO
2025-07-07,1534,0.136473,0.061714,0.034473,-0.051799,1.115175,-0.085855,0.063447,0.1714,2.63,0.7947,12.19,0.1167,1.79,0.2092,79.1,BAIXA,1.5371,ATENCAO,,2.3387,ALERTA,,-0.1825,NORMAL,,0.8326,NORMAL,,-0.8755,-1.5404,-0.5112,Expansão de vegetação flutuante,1,fai,NORMAL,,NAO
2025-07-12,3270,0.384943,0.103496,0.194006,-0.125022,1.297869,-0.282892,0.170302,0.1434,4.69,0.8235,26.93,0.7327,23.96,0.4459,55.4,MEDIA,3.0083,ALERTA,NAO,4.2285,ALERTA,SIM,3.2239,ALERTA,NAO,-0.3653,NORMAL,NAO,0.3489,-2.5622,0.6026,Expansão de vegetação flutuante,3,ndvi;fai;ndci,NORMAL,,NAO
2025-07-22,7334,0.22784,0.061644,0.122779,-0.086684,1.203634,-0.148046,0.109414,0.1909,14.0,0.6756,49.55,0.5037,36.94,1.0,0.0,ALTA,2.0781,ALERTA,SIM,2.3355,ALERTA,SIM,1.703,ATENCAO,NAO,0.2619,NORMAL,NAO,-0.2826,-1.8629,-0.0321,Expansão de vegetação flutuante,2,ndvi;fai,NORMAL,NAO,SIM
2025-08-01,7334,0.449916,0.126058,0.36409,-0.237,1.632528,-0.290309,0.312161,0.3369,24.71,0.6148,45.09,0.8454,62.0,1.0,0.0,ALTA,4.6592,ALERTA,SIM,9.7093,ALERTA,SIM,8.3932,ALERTA,NAO,-1.751,NORMAL,NAO,2.0621,-4.4139,1.2975,Expansão de vegetação flutuante,3,ndvi;fai;ndci,CONFIRMADO,NAO,SIM
2025-08-13,7334,0.665613,0.211938,0.412303,-0.221973,1.574626,-0.541983,0.491889,0.0862,6.32,0.8942,65.58,0.9346,68.54,1.0,0.0,ALTA,6.2731,ALERTA,SIM,16.2722,ALERTA,SIM,9.6726,ALERTA,SIM,-1.497,NORMAL,NAO,1.6742,-6.3254,2.5581,Expansão de vegetação flutuante,3,ndvi;fai;ndci,CONFIRMADO,SIM,SIM
2025-08-16,2194,0.567192,0.237132,0.245181,-0.153335,1.373883,-0.46112,0.384237,0.0,0.0,1.0,21.94,0.9335,20.48,0.2992,70.1,BAIXA,5.5367,ALERTA,,18.1975,ALERTA,,5.2377,ALERTA,,-0.3371,NORMAL,,0.3294,-5.7113,1.803,Expansão de vegetação flutuante,3,ndvi;fai;ndci,NORMAL,,NAO
2025-08-21,7334,0.636081,0.19006,0.410428,-0.193271,1.482771,-0.516585,0.399125,0.0659,4.83,0.9039,66.29,0.9699,71.13,1.0,0.0,ALTA,6.0521,ALERTA,SIM,14.6003,ALERTA,SIM,9.6228,ALERTA,SIM,-1.012,NORMAL,NAO,1.0589,-6.1325,1.9075,Expansão de vegetação flutuante,3,ndvi;fai;ndci,CONFIRMADO,SIM,SIM
2025-08-31,585,0.488475,0.134337,0.230074,-0.086922,1.198013,-0.423282,0.255688,0.0,0.0,1.0,5.85,0.9043,5.29,0.0798,92.0,BAIXA,4.9477,ALERTA,,10.342,ALERTA,,4.8368,ALERTA,,0.7853,NORMAL,,-0.8487,-5.4239,0.9014,Expansão de vegetação flutuante,3,ndvi;fai;ndci,NORMAL,,NAO
2025-09-10,7302,0.785611,0.290052,0.520551,-0.22603,1.588007,-0.685483,0.494359,0.0085,0.62,0.9862,72.01,0.9904,72.32,0.9956,0.4,ALTA,10.2433,ALERTA,SIM,34.1005,ALERTA,SIM,12.5744,ALERTA,SIM,-1.8739,NORMAL,NAO,2.1466,-13.6528,3.5069,Expansão de vegetação flutuante,3,ndvi;fai;ndci,CONFIRMADO,SIM,SIM
2025-09-20,3936,0.698237,0.250073,0.430088,-0.116087,1.270273,-0.639137,0.321271,0.0,0.0,1.0,39.36,1.0,39.36,0.5367,46.3,MEDIA,9.3047,ALERTA,SIM,29.4419,ALERTA,SIM,10.0361,ALERTA,SIM,0.0062,NORMAL,NAO,-0.0496,-12.9915,2.001,Expansão de vegetação flutuante,3,ndvi;fai;ndci,NORMAL,,NAO
2025-09-25,1167,0.726642,0.384574,0.378053,-0.191009,1.477144,-0.625852,0.443148,0.0,0.0,1.0,11.67,0.9966,11.63,0.1591,84.1,BAIXA,9.6098,ALERTA,,45.1149,ALERTA,,8.576,ALERTA,,-1.275,NORMAL,,1.3803,-12.802,3.0614,Expansão de vegetação flutuante,3,ndvi;fai;ndci,NORMAL,,NAO
2025-10-05,5405,0.79548,0.333532,0.479093,-0.176967,1.436781,-0.720441,0.415481,0.0004,0.02,0.998,53.94,1.0,54.05,0.737,26.3,ALTA,5.1192,ALERTA,SIM,17.3522,ALERTA,SIM,11.4054,ALERTA,SIM,-1.3867,NORMAL,NAO,1.5423,-4.9583,1.5169,Expansão de vegetação flutuante,3,ndvi;fai;ndci,CONFIRMADO,SIM,SIM
2025-10-15,7334,0.759384,0.269525,0.441483,-0.16729,1.404306,-0.683497,0.371528,0.0203,1.49,0.9759,71.57,0.9805,71.91,1.0,0.0,ALTA,4.9538,ALERTA,SIM,14.0805,ALERTA,SIM,10.4198,ALERTA,SIM,-1.2613,NORMAL,NAO,1.3568,-4.7893,1.3865,Expansão de vegetação flutuante,3,ndvi;fai;ndci,CONFIRMADO,SIM,SIM
2025-11-01,1611,0.541224,0.22086,0.233936,-0.074345,1.161854,-0.48756,0.259884,0.0,0.0,1.0,16.11,0.9826,15.83,0.2197,78.0,BAIXA,5.7568,ALERTA,,13.7723,ALERTA,,5.6075,ALERTA,,0.3592,NORMAL,,-0.5189,-6.9483,1.3086,Expansão de vegetação flutuante,3,ndvi;fai;ndci,NORMAL,,NAO
2025-11-04,105,0.420775,0.207312,0.153109,-0.07231,1.15738,-0.360242,0.264378,0.0,0.0,1.0,1.05,0.9524,1.0,0.0143,98.6,BAIXA,4.7291,ALERTA,,12.9181,ALERTA,,2.9208,ALERTA,,0.3858,NORMAL,,-0.5463,-5.6995,1.3314,Expansão de vegetação flutuante,3,ndvi;fai;ndci,NORMAL,,NAO
2025-11-14,332,0.406228,0.102758,0.161791,-0.045002,1.104616,-0.374891,0.19977,0.0,0.0,0.988,3.28,0.6807,2.26,0.0453,95.5,BAIXA,4.605,ALERTA,,6.3257,ALERTA,,3.2094,ALERTA,,0.7434,NORMAL,,-0.8697,-5.8432,1.0041,Expansão de vegetação flutuante,3,ndvi;fai;ndci,NORMAL,,NAO
2025-11-19,7299,0.672415,0.231337,0.424864,-0.07644,1.16754,-0.633112,0.365728,0.0332,2.42,0.9281,67.74,0.954,69.63,0.9952,0.5,ALTA,6.876,ALERTA,SIM,14.4329,ALERTA,SIM,11.9538,ALERTA,SIM,0.3318,NORMAL,NAO,-0.484,-8.3758,1.8448,Expansão de vegetação flutuante,3,ndvi;fai;ndci,CONFIRMADO,SIM,SIM
2025-11-21,7317,0.648492,0.208952,0.355512,-0.029457,1.062549,-0.632414,0.31928,0.0534,3.91,0.9274,67.86,0.9373,68.58,0.9977,0.2,ALTA,6.6719,ALERTA,SIM,13.0215,ALERTA,SIM,9.6486,ALERTA,SIM,0.947,NORMAL,NAO,-1.1276,-8.369,1.6095,Expansão de vegetação flutuante,3,ndvi;fai;ndci,CONFIRMADO,SIM,SIM
2025-11-29,7285,0.633559,0.169625,0.379606,-0.001424,1.004608,-0.632659,0.330137,0.0229,1.67,0.9606,69.98,0.9702,70.68,0.9933,0.7,ALTA,6.5445,ALERTA,SIM,10.5418,ALERTA,SIM,10.4495,ALERTA,SIM,1.3141,NORMAL,NAO,-1.4828,-8.3714,1.6645,Expansão de vegetação flutuante,3,ndvi;fai;ndci,CONFIRMADO,SIM,SIM
2025-12-04,3411,0.512069,0.17577,0.227152,-0.036186,1.077204,-0.486553,0.278914,0.0,0.0,0.9918,33.83,0.8734,29.79,0.4651,53.5,MEDIA,3.3544,ALERTA,SIM,15.0347,ALERTA,SIM,2.1083,ALERTA,SIM,0.9347,NORMAL,NAO,-1.068,-4.0044,1.096,Expansão de vegetação flutuante,3,ndvi;fai;ndci,NORMAL,,NAO
2025-12-11,3940,0.309341,0.095986,0.168922,-0.084876,1.199056,-0.242207,0.178274,0.397,15.64,0.5335,21.02,0.5617,22.13,0.5372,46.3,MEDIA,2.478,ALERTA,SIM,8.2601,ALERTA,SIM,1.1985,NORMAL,NAO,0.3606,NORMAL,NAO,-0.4383,-2.8316,0.8229,Expansão de vegetação flutuante,2,ndvi;fai,NORMAL,,NAO
2025-12-14,6366,0.463992,0.085326,0.258521,-0.088751,1.20372,-0.398203,0.215363,0.1412,8.99,0.7257,46.2,0.8497,54.09,0.868,13.2,ALTA,3.1465,ALERTA,SIM,7.3549,ALERTA,SIM,2.5985,ALERTA,NAO,0.3149,NORMAL,NAO,-0.4142,-3.5803,0.9236,Expansão de vegetação flutuante,3,ndvi;fai;ndci,CONFIRMADO,SIM,SIM
2025-12-19,7278,0.468902,0.06221,0.292703,-0.08957,1.208709,-0.401946,0.052585,0.086,6.26,0.5073,36.92,0.8739,63.6,0.9924,0.8,ALTA,3.1678,ALERTA,SIM,5.3921,ALERTA,SIM,3.1326,ALERTA,SIM,0.3052,NORMAL,NAO,-0.3884,-3.5983,0.482,Expansão de vegetação flutuante,3,ndvi;fai;ndci,CONFIRMADO,SIM,SIM
2025-12-24,2408,0.252639,0.040862,0.158819,-0.11801,1.278535,-0.147678,0.078429,0.3534,8.51,0.4103,9.88,0.5997,14.44,0.3283,67.2,MEDIA,2.2329,ALERTA,SIM,3.5794,ALERTA,SIM,1.0406,NORMAL,NAO,-0.0302,NORMAL,NAO,-0.0276,-2.3778,0.5521,Expansão de vegetação flutuante,2,ndvi;fai,NORMAL,,NAO
2025-12-31,430,0.295918,0.04941,0.175753,-0.063095,1.189261,-0.248321,-0.058367,0.114,0.49,0.6651,2.86,0.6791,2.92,0.0586,94.1,BAIXA,2.42,ALERTA,,4.3052,ALERTA,,1.3052,NORMAL,,0.6174,NORMAL,,-0.4889,-2.8609,0.1809,Expansão de vegetação flutuante,2,ndvi;fai,NORMAL,,NAO
2026-01-03,7299,0.216318,0.032047,0.265511,-0.200492,1.524008,-0.050341,-0.048041,0.532,38.83,0.2367,17.28,0.9035,65.95,0.9952,0.5,ALTA,4.165,ALERTA,SIM,2.7264,ALERTA,SIM,5.0938,ALERTA,NAO,-2.1658,NORMAL,NAO,2.5602,-2.8535,-1.0124,Expansão de vegetação flutuante,3,ndvi;fai;ndci,CONFIRMADO,SIM,SIM
2026-01-08,1972,-0.092211,0.006501,0.028137,-0.150037,1.362592,0.220923,-0.1922,0.7566,14.92,0.11,2.17,0.2226,4.39,0.2689,73.1,BAIXA,0.7168,NORMAL,,0.2315,NORMAL,,-1.4009,NORMAL,,-0.8307,NORMAL,,0.8824,-0.3405,-3.0197,,0,,NORMAL,,NAO
2026-01-13,2367,-0.088525,0.056406,0.200657,-0.13456,1.340916,0.152584,-0.285266,0.4233,10.02,0.4968,11.76,0.779,18.44,0.3227,67.7,MEDIA,0.758,NORMAL,NAO,5.1054,ALERTA,SIM,3.3194,ALERTA,SIM,-0.4211,NORMAL,NAO,0.6571,-0.9736,-4.3156,,2,fai;ndci,NORMAL,,NAO
2026-01-23,414,0.260166,0.078071,0.078517,-0.069489,1.151211,-0.194563,0.140735,0.0145,0.06,0.9686,4.01,0.3164,1.31,0.0564,94.4,BAIXA,4.6551,ALERTA,,7.2213,ALERTA,,-0.0225,NORMAL,,1.3009,NORMAL,,-1.3146,-4.1895,1.6162,Expansão de vegetação flutuante,2,ndvi;fai,NORMAL,,NAO
2026-01-28,5748,0.005477,0.015074,0.155629,-0.237096,1.643208,0.208384,0.043177,0.7498,43.1,0.1997,11.48,0.7122,40.94,0.7837,21.6,ALTA,1.8086,ATENCAO,NAO,1.0688,NORMAL,NAO,2.0874,ALERTA,SIM,-3.1345,NORMAL,NAO,3.7992,-0.4567,0.2578,,1,ndci,VIGILANCIA,NAO,SIM
2026-02-07,6541,0.186888,0.055689,0.166562,-0.190221,1.497724,-0.012463,0.153505,0.4897,32.03,0.4963,32.46,0.8837,57.8,0.8919,10.8,ALTA,1.3362,NORMAL,NAO,0.6147,NORMAL,NAO,1.6789,ATENCAO,NAO,-1.6514,NORMAL,NAO,2.0652,-0.9479,1.1226,,0,,NORMAL,NAO,SIM
2026-02-12,4363,-0.074388,0.011347,0.043793,-0.194785,1.498886,0.244289,-0.001652,0.7231,31.55,0.2161,9.43,0.1921,8.38,0.5949,40.5,MEDIA,0.1445,NORMAL,NAO,-0.1876,NORMAL,NAO,-1.234,NORMAL,NAO,-1.7788,NORMAL,NAO,2.0781,0.1254,-0.4304,,0,,NORMAL,,NAO
2026-02-17,5052,0.374928,0.122416,0.153193,-0.054149,1.136168,-0.332973,0.081742,0.0103,0.52,0.906,45.77,0.8504,42.96,0.6888,31.1,MEDIA,2.1939,ALERTA,NAO,1.822,ATENCAO,NAO,1.3617,NORMAL,NAO,2.1482,ALERTA,NAO,-1.9444,-2.2877,0.4043,Expansão de vegetação flutuante,2,ndvi;ndti,NORMAL,,NAO
2026-03-04,6829,0.00216,0.014274,0.152082,-0.175597,1.437346,0.158968,0.082968,0.7098,48.47,0.222,15.16,0.8019,54.76,0.9311,6.9,ALTA,1.1261,NORMAL,NAO,2.7166,ALERTA,NAO,0.6696,NORMAL,NAO,-1.1036,NORMAL,NAO,1.1711,-0.7517,0.265,,1,fai,NORMAL,NAO,SIM
2026-03-19,1023,0.056023,0.013755,0.072052,-0.091859,1.207244,0.034732,-0.018354,0.5073,5.19,0.3754,3.84,0.3236,3.31,0.1395,86.1,BAIXA,1.7077,ATENCAO,,2.596,ALERTA,,-1.1183,NORMAL,,2.1197,ALERTA,,-1.952,-1.9987,-0.7242,Expansão de vegetação flutuante,2,fai;ndti,NORMAL,,NAO
2026-03-29,7250,-0.11655,0.003616,0.202461,-0.276787,1.779058,0.356027,-0.09049,0.8681,62.94,0.0986,7.15,0.947,68.66,0.9885,1.1,ALTA,-0.1556,NORMAL,NAO,0.2398,NORMAL,NAO,1.7951,ATENCAO,NAO,-4.9988,NORMAL,NAO,5.8092,1.2262,-1.4285,,0,,NORMAL,NAO,SIM
2026-04-03,4590,-0.070349,0.006537,0.246988,-0.226183,1.590133,0.273962,0.13766,0.8519,39.1,0.1122,5.15,0.9963,45.73,0.6259,37.4,MEDIA,-0.0351,NORMAL,NAO,-0.144,NORMAL,NAO,0.8368,NORMAL,NAO,-0.9945,NORMAL,NAO,0.8891,1.1916,-0.0995,,0,,NORMAL,,NAO
2026-04-18,3658,-0.080824,0.00759,0.245608,-0.229875,1.618526,0.285222,0.094871,0.7821,28.61,0.1692,6.19,0.9481,34.68,0.4988,50.1,MEDIA,-0.1194,NORMAL,NAO,-0.0727,NORMAL,NAO,0.8252,NORMAL,NAO,-1.038,NORMAL,NAO,1.004,1.3638,-0.5364,,0,,NORMAL,,NAO
2026-04-20,387,0.218399,0.052055,0.14919,-0.108544,1.256759,-0.116741,0.051246,0.2817,1.09,0.6744,2.61,0.6615,2.56,0.0528,94.7,BAIXA,2.2865,ALERTA,,2.9395,ALERTA,,0.0119,NORMAL,,0.3905,NORMAL,,-0.46,-4.7828,-0.9818,Expansão de vegetação flutuante,2,ndvi;fai,NORMAL,,NAO
2026-04-23,7334,-0.076105,0.007586,0.242845,-0.229821,1.602317,0.280728,0.205311,0.8334,61.12,0.1459,10.7,0.9891,72.54,1.0,0.0,ALTA,-0.0814,NORMAL,NAO,-0.0729,NORMAL,NAO,0.8019,NORMAL,NAO,-1.0374,NORMAL,NAO,0.9384,1.2951,0.5913,,0,,NORMAL,NAO,SIM
2026-05-03,254,0.076256,0.019219,0.055137,-0.091558,1.204518,0.015141,0.08253,0.5039,1.28,0.437,1.11,0.1417,0.36,0.0346,96.5,BAIXA,1.4649,NORMAL,,1.0184,NORMAL,,-0.0166,NORMAL,,0.1543,NORMAL,,-0.2617,-1.7601,-0.414,,0,,NORMAL,,NAO
2026-05-10,105,-0.048377,0.003846,0.024695,0.044254,0.918554,0.004425,0.253201,0.6952,0.73,0.2286,0.24,0.0667,0.07,0.0143,98.6,BAIXA,0.6447,NORMAL,,0.1299,NORMAL,,-0.4684,NORMAL,,2.0336,ALERTA,,-1.8405,-1.8451,0.8397,,1,ndti,NORMAL,,NAO
2026-05-28,6870,-0.282422,-0.014634,-0.007828,-0.024211,1.065618,0.299188,0.198114,0.8092,55.59,0.1502,10.32,0.0953,6.55,0.9367,6.3,ALTA,-0.8955,NORMAL,NAO,-0.9382,NORMAL,NAO,-0.9509,NORMAL,NAO,1.0862,NORMAL,NAO,-1.0285,0.4929,0.4351,,0,,NORMAL,NAO,SIM
2026-05-30,3830,0.118087,0.03621,0.061942,-0.014518,1.032165,-0.10408,0.047691,0.1154,4.42,0.7193,27.55,0.0856,3.28,0.5222,47.8,MEDIA,1.7402,ATENCAO,NAO,2.0004,ALERTA,NAO,0.0843,NORMAL,NAO,1.2203,NORMAL,NAO,-1.2132,-2.7058,-0.6699,Expansão de vegetação flutuante,1,fai,NORMAL,,NAO
2026-06-02,1555,0.077201,0.02045,0.054295,-0.095846,1.217747,0.016469,0.037598,0.3743,5.82,0.4958,7.71,0.1865,2.9,0.212,78.8,BAIXA,1.7659,ATENCAO,,1.2772,NORMAL,,0.7264,NORMAL,,-0.3167,NORMAL,,0.2522,-1.5433,-1.2075,,0,,NORMAL,,NAO
2026-06-17,7334,-0.210076,0.001559,0.000915,-0.211351,1.548705,0.376614,-0.078807,0.857,62.85,0.0914,6.7,0.2,14.67,1.0,0.0,ALTA,-0.0109,NORMAL,NAO,0.2335,NORMAL,NAO,-0.3305,NORMAL,NAO,-2.2089,NORMAL,NAO,2.4905,0.6227,-2.136,,0,,NORMAL,NAO,SIM
2026-06-22,5812,-0.020969,0.001988,0.0626,-0.114039,1.268821,0.131261,0.175397,0.826,48.01,0.1015,5.9,0.1862,10.82,0.7925,20.8,ALTA,1.1587,NORMAL,NAO,0.2572,NORMAL,NAO,0.8908,NORMAL,NAO,-0.6148,NORMAL,NAO,0.5976,-0.853,-0.1084,,0,,NORMAL,NAO,SIM
2026-07-07,7334,-0.454011,-0.027029,-0.096023,-0.034759,1.076037,0.477871,0.243495,0.9283,68.08,0.0511,3.75,0.0476,3.49,1.0,0.0,ALTA,-1.9591,NORMAL,NAO,-1.6753,NORMAL,NAO,-2.9688,NORMAL,NAO,1.1114,NORMAL,NAO,-1.1378,1.3832,1.3656,,0,,NORMAL,NAO,SIM
2026-07-09,7334,-0.428401,-0.021594,-0.063419,-0.071209,1.15734,0.479537,0.300181,0.925,67.84,0.0555,4.07,0.0558,4.09,1.0,0.0,ALTA,-1.8075,NORMAL,NAO,-1.4295,NORMAL,NAO,-2.2726,NORMAL,NAO,0.5151,NORMAL,NAO,-0.5929,1.3919,1.9565,,0,,NORMAL,NAO,SIM
2026-07-12,5717,-0.293992,-0.018456,0.015898,-0.022304,1.053721,0.312194,0.401826,0.8006,45.77,0.1712,9.79,0.107,6.12,0.7795,22.0,ALTA,-1.0117,NORMAL,NAO,-1.2875,NORMAL,NAO,-0.5791,NORMAL,NAO,1.3151,NORMAL,NAO,-1.2873,0.524,3.016,,0,,NORMAL,NAO,SIM
2026-07-17,7334,-0.409592,-0.025152,-0.079751,-0.049702,1.114361,0.445857,0.169247,0.9336,68.47,0.0479,3.51,0.0514,3.77,1.0,0.0,ALTA,-1.6961,NORMAL,NAO,-1.5904,NORMAL,NAO,-2.6214,NORMAL,NAO,0.8669,NORMAL,NAO,-0.8809,1.2172,0.5916,,0,,NORMAL,NAO,SIM
2026-07-19,7334,-0.400121,-0.018654,-0.063967,-0.090387,1.204666,0.466823,0.198524,0.9279,68.05,0.0536,3.93,0.0603,4.42,1.0,0.0,ALTA,-1.6401,NORMAL,NAO,-1.2965,NORMAL,NAO,-2.2843,NORMAL,NAO,0.2013,NORMAL,NAO,-0.2757,1.3259,0.8968,,0,,NORMAL,NAO,SIM
2026-08-01,7334,-0.274994,-0.011331,0.014559,-0.117343,1.277435,0.375742,0.302099,0.9153,67.13,0.0639,4.69,0.1008,7.39,1.0,0.0,ALTA,-0.7647,NORMAL,NAO,-0.7898,NORMAL,NAO,-0.8823,NORMAL,NAO,0.2712,NORMAL,NAO,-0.3167,0.6448,1.2269,,0,,NORMAL,NAO,SIM
2026-08-21,1456,0.1968,0.061142,0.074381,-0.051228,1.118211,-0.150406,0.068105,0.1621,2.36,0.728,10.6,0.342,4.98,0.1985,80.1,BAIXA,2.7653,ALERTA,,4.7485,ALERTA,,0.7052,NORMAL,,1.3885,NORMAL,,-1.3833,-3.3514,-0.4143,Expansão de vegetação flutuante,2,ndvi;fai,NORMAL,,NAO
2026-08-28,5062,0.036415,0.004821,0.067183,-0.122087,1.279412,0.084565,0.033823,0.856,43.33,0.0697,3.53,0.1561,7.9,0.6902,31.0,MEDIA,1.5653,ATENCAO,NAO,0.4445,NORMAL,NAO,0.5142,NORMAL,NAO,0.191,NORMAL,NAO,-0.3034,-1.5667,-0.6547,,0,,NORMAL,,NAO
2026-09-15,1836,-0.259342,-0.01889,-0.030487,-0.02321,1.052968,0.279224,0.118678,0.7669,14.08,0.1885,3.46,0.085,1.56,0.2503,75.0,BAIXA,-0.9811,NORMAL,,-1.8994,NORMAL,,-2.8871,NORMAL,,1.5944,ATENCAO,,-1.5516,0.1118,0.2385,,0,,NORMAL,,NAO
2026-09-17,1323,-0.29313,-0.021777,-0.062752,-0.089546,1.198443,0.36903,0.123702,0.9199,12.17,0.0567,0.75,0.0219,0.29,0.1804,82.0,BAIXA,-1.344,NORMAL,,-2.2359,NORMAL,,-3.7924,NORMAL,,0.4601,NORMAL,,-0.5461,1.3932,0.2822,,0,,NORMAL,,NAO
